,date,tavg,tmin,tmax,prcp,snow,wdir,wspd,wspt,pres,tsun
0,2015-01-02,,,,0.1,,,,,,
1,2015-01-03,,,,3.5,,,,,,
2,2015-01-04,,,,4.1,,,,,,
3,2015-01-05,,,,0.1,,,,,,
4,2015-01-06,,,,0.0,,,,,,
5,2015-01-07,,,,0.1,,,,,,
6,2015-01-08,,,,5.1,,,,,,
7,2015-01-09,,,,4.6,,,,,,
8,2015-01-10,,,,6.1,,,,,,
9,2015-01-11,,,,0.2,,,,,,
10,2015-01-12,,,,0.0,,,,,,
11,2015-01-13,,,,0.0,,,,,,
12,2015-01-14,,,,3.5,,,,,,
13,2015-01-15,,,,0.1,,,,,,
14,2015-01-16,,,,0.0,,,,,,
15,2015-01-17,,,,3.0,,,,,,
16,2015-01-18,,,,0.0,,,,,,
17,2015-01-19,,,,0.0,,,,,,
18,2015-01-20,,,,2.2,,,,,,
19,2015-01-21,,,,0.0,,,,,,
20,2015-01-22,,,,0.0,,,,,,
21,2015-01-23,,,,0.1,,,,,,
22,2015-01-24,,,,0.0,,,,,,
23,2015-01-25,,,,2.3,,,,,,
24,2015-01-26,,,,1.0,,,,,,
25,2015-01-27,,,,2.7,,,,,,
26,2015-01-28,,,,1.4,,,,,,
27,2015-01-29,,,,0.5,,,,,,
28,2015-01-30,,,,2.6,,,,,,
29,2015-01-31,,,,0.2,,,,,,
30,2015-02-01,,,,0.2,,,,,,
31,2015-02-02,,,,1.3,,,,,,
32,2015-02-03,,,,0.4,,,,,,
33,2015-02-04,,,,0.0,,,,,,
34,2015-02-05,,,,0.0,,,,,,
35,2015-02-06,,,,0.0,,,,,,
36,2015-02-07,,,,0.1,,,,,,
37,2015-02-08,,,,0.9,,,,,,
38,2015-02-09,,,,2.2,,,,,,
39,2015-02-10,,,,0.9,,,,,,
40,2015-02-11,,,,0.0,,,,,,
41,2015-02-12,,,,0.0,,,,,,
42,2015-02-13,,,,0.0,,,,,,
43,2015-02-14,,,,0.0,,,,,,
44,2015-02-15,,,,0.0,,,,,,
45,2015-02-16,,,,0.0,,,,,,
46,2015-02-17,,,,0.0,,,,,,
47,2015-02-18,,,,0.0,,,,,,
48,2015-02-19,,,,0.0,,,,,,
49,2015-02-20,,,,0.0,,,,,,
50,2015-02-21,,,,0.1,,,,,,
51,2015-02-22,,,,0.0,,,,,,
52,2015-02-23,,,,0.3,,,,,,
53,2015-02-24,,,,0.0,,,,,,
54,2015-02-25,,,,0.0,,,,,,
55,2015-02-26,,,,0.0,,,,,,
56,2015-02-27,,,,0.0,,,,,,
57,2015-02-28,,,,0.0,,,,,,
58,2015-03-01,,,,0.5,,,,,,
59,2015-03-02,,,,7.6,,,,,,
60,2015-03-03,,,,0.0,,,,,,
61,2015-03-04,,,,1.8,,,,,,
62,2015-03-05,,,,0.9,,,,,,
63,2015-03-06,,,,0.0,,,,,,
64,2015-03-07,,,,0.0,,,,,,
65,2015-03-08,,,,0.0,,,,,,
66,2015-03-09,,,,0.0,,,,,,
67,2015-03-10,,,,0.7,,,,,,
68,2015-03-11,,,,1.3,,,,,,
69,2015-03-12,,,,0.1,,,,,,
70,2015-03-13,,,,0.0,,,,,,
71,2015-03-14,,,,0.4,,,,,,
72,2015-03-15,,,,2.0,,,,,,
73,2015-03-16,,,,0.0,,,,,,
74,2015-03-17,,,,0.0,,,,,,
75,2015-03-18,,,,0.0,,,,,,
76,2015-03-19,,,,0.0,,,,,,
77,2015-03-20,,,,0.0,,,,,,
78,2015-03-21,,,,0.0,,,,,,
79,2015-03-22,,,,0.0,,,,,,
80,2015-03-23,,,,0.0,,,,,,
81,2015-03-24,,,,0.0,,,,,,
82,2015-03-25,,,,0.0,,,,,,
83,2015-03-26,,,,2.1,,,,,,
84,2015-03-27,,,,0.6,,,,,,
85,2015-03-28,,,,0.2,,,,,,
86,2015-03-30,,,,7.6,,,,,,
87,2015-03-31,,,,21.4,,,,,,
88,2015-04-01,,,,3.8,,,,,,
89,2015-04-02,,,,9.1,,,,,,
90,2015-04-03,,,,0.0,,,,,,
91,2015-04-04,,,,0.0,,,,,,
92,2015-04-05,,,,0.0,,,,,,
93,2015-04-06,,,,1.0,,,,,,
94,2015-04-07,,,,0.0,,,,,,
95,2015-04-08,,,,0.0,,,,,,
96,2015-04-09,,,,0.0,,,,,,
97,2015-04-10,,,,0.0,,,,,,
98,2015-04-11,,,,0.0,,,,,,
99,2015-04-12,,,,0.3,,,,,,
100,2015-04-13,,,,0.0,,,,,,
101,2015-04-14,,,,0.0,,,,,,
102,2015-04-15,,,,0.0,,,,,,
103,2015-04-16,,,,0.0,,,,,,
104,2015-04-17,,,,0.0,,,,,,
105,2015-04-18,,,,0.0,,,,,,
106,2015-04-19,,,,0.0,,,,,,
107,2015-04-20,,,,0.0,,,,,,
108,2015-04-21,,,,0.0,,,,,,
109,2015-04-22,,,,0.2,,,,,,
110,2015-04-23,,,,1.1,,,,,,
111,2015-04-24,,,,0.0,,,,,,
112,2015-04-25,,,,0.2,,,,,,
113,2015-04-26,,,,0.6,,,,,,
114,2015-04-27,,,,4.5,,,,,,
115,2015-04-28,,,,15.1,,,,,,
116,2015-04-29,,,,0.0,,,,,,
117,2015-04-30,,,,3.0,,,,,,
118,2015-05-01,,,,2.4,,,,,,
119,2015-05-02,,,,0.0,,,,,,
120,2015-05-03,,,,5.1,,,,,,
121,2015-05-04,,,,0.1,,,,,,
122,2015-05-05,,,,1.0,,,,,,
123,2015-05-06,,,,1.1,,,,,,
124,2015-05-07,,,,0.0,,,,,,
125,2015-05-08,,,,0.0,,,,,,
126,2015-05-09,,,,0.9,,,,,,
127,2015-05-10,,,,0.2,,,,,,
128,2015-05-11,,,,0.0,,,,,,
129,2015-05-12,,,,0.5,,,,,,
130,2015-05-13,,,,1.8,,,,,,
131,2015-05-14,,,,0.0,,,,,,
132,2015-05-15,,,,0.0,,,,,,
133,2015-05-16,,,,0.0,,,,,,
134,2015-05-17,,,,0.0,,,,,,
135,2015-05-18,,,,0.0,,,,,,
136,2015-05-19,,,,0.0,,,,,,
137,2015-05-20,,,,0.1,,,,,,
138,2015-05-21,,,,0.2,,,,,,
139,2015-05-22,,,,0.0,,,,,,
140,2015-05-23,,,,0.0,,,,,,
141,2015-05-24,,,,0.0,,,,,,
142,2015-05-25,,,,3.4,,,,,,
143,2015-05-26,,,,0.9,,,,,,
144,2015-05-27,,,,0.0,,,,,,
145,2015-05-28,,,,0.0,,,,,,
146,2015-05-29,,,,2.4,,,,,,
147,2015-05-30,,,,0.8,,,,,,
148,2015-05-31,,,,0.0,,,,,,
149,2015-06-01,,,,1.6,,,,,,
150,2015-06-02,,,,0.1,,,,,,
151,2015-06-03,,,,0.0,,,,,,
152,2015-06-04,,,,0.0,,,,,,
153,2015-06-05,,,,0.0,,,,,,
154,2015-06-06,,,,0.0,,,,,,
155,2015-06-08,,,,11.8,,,,,,
156,2015-06-09,,,,5.5,,,,,,
157,2015-06-10,,,,0.0,,,,,,
158,2015-06-11,,,,0.0,,,,,,
159,2015-06-12,,,,0.0,,,,,,
160,2015-06-13,,,,0.6,,,,,,
161,2015-06-14,,,,0.0,,,,,,
162,2015-06-15,,,,0.0,,,,,,
163,2015-06-16,,,,0.0,,,,,,
164,2015-06-17,,,,0.0,,,,,,
165,2015-06-18,,,,9.0,,,,,,
166,2015-06-19,,,,1.5,,,,,,
167,2015-06-20,,,,2.6,,,,,,
168,2015-06-21,,,,0.0,,,,,,
169,2015-06-22,,,,8.0,,,,,,
170,2015-06-23,,,,12.0,,,,,,
171,2015-06-24,,,,0.2,,,,,,
172,2015-06-25,,,,0.0,,,,,,
173,2015-06-26,,,,0.0,,,,,,
174,2015-06-27,,,,2.1,,,,,,
175,2015-06-28,,,,0.3,,,,,,
176,2015-06-29,,,,0.5,,,,,,
177,2015-06-30,,,,0.0,,,,,,
178,2015-07-01,,,,0.0,,,,,,
179,2015-07-02,,,,0.0,,,,,,
180,2015-07-03,,,,0.0,,,,,,
181,2015-07-04,,,,0.0,,,,,,
182,2015-07-05,,,,0.0,,,,,,
183,2015-07-06,,,,7.2,,,,,,
184,2015-07-07,,,,6.9,,,,,,
185,2015-07-08,,,,3.1,,,,,,
186,2015-07-09,,,,0.9,,,,,,
187,2015-07-10,,,,0.0,,,,,,
188,2015-07-11,,,,0.0,,,,,,
189,2015-07-12,,,,0.1,,,,,,
190,2015-07-13,,,,1.6,,,,,,
191,2015-07-14,,,,0.9,,,,,,
192,2015-07-15,,,,0.0,,,,,,
193,2015-07-16,,,,0.0,,,,,,
194,2015-07-17,,,,0.0,,,,,,
195,2015-07-18,,,,0.0,,,,,,
196,2015-07-19,,,,0.0,,,,,,
197,2015-07-20,,,,0.0,,,,,,
198,2015-07-21,,,,0.0,,,,,,
199,2015-07-22,,,,13.8,,,,,,
200,2015-07-23,,,,0.0,,,,,,
201,2015-07-24,,,,0.0,,,,,,
202,2015-07-25,,,,4.0,,,,,,
203,2015-07-26,,,,0.0,,,,,,
204,2015-07-27,,,,4.0,,,,,,
205,2015-07-28,,,,1.0,,,,,,
206,2015-07-29,,,,0.4,,,,,,
207,2015-07-30,,,,0.0,,,,,,
208,2015-07-31,,,,0.0,,,,,,
209,2015-08-01,,,,0.1,,,,,,
210,2015-08-02,,,,0.0,,,,,,
211,2015-08-03,,,,0.0,,,,,,
212,2015-08-04,,,,0.0,,,,,,
213,2015-08-05,,,,0.0,,,,,,
214,2015-08-06,,,,0.0,,,,,,
215,2015-08-07,,,,0.0,,,,,,
216,2015-08-08,,,,0.0,,,,,,
217,2015-08-09,,,,0.0,,,,,,
218,2015-08-10,,,,0.0,,,,,,
219,2015-08-11,,,,0.0,,,,,,
220,2015-08-12,,,,0.0,,,,,,
221,2015-08-13,,,,0.0,,,,,,
222,2015-08-14,,,,27.7,,,,,,
223,2015-08-15,,,,4.4,,,,,,
224,2015-08-16,,,,60.1,,,,,,
225,2015-08-17,,,,8.0,,,,,,
226,2015-08-18,,,,0.3,,,,,,
227,2015-08-19,,,,0.0,,,,,,
228,2015-08-20,,,,0.1,,,,,,
229,2015-08-21,,,,0.0,,,,,,
230,2015-08-22,,,,0.0,,,,,,
231,2015-08-23,,,,0.0,,,,,,
232,2015-08-24,,,,2.5,,,,,,
233,2015-08-25,,,,5.9,,,,,,
234,2015-08-26,,,,0.0,,,,,,
235,2015-08-27,,,,0.0,,,,,,
236,2015-08-28,,,,1.0,,,,,,
237,2015-08-29,,,,0.0,,,,,,
238,2015-08-30,,,,0.0,,,,,,
239,2015-08-31,,,,0.0,,,,,,
240,2015-09-01,,,,5.2,,,,,,
241,2015-09-02,,,,0.1,,,,,,
242,2015-09-03,,,,3.6,,,,,,
243,2015-09-04,,,,0.0,,,,,,
244,2015-09-05,,,,3.4,,,,,,
245,2015-09-06,,,,5.5,,,,,,
246,2015-09-07,,,,3.7,,,,,,
247,2015-09-08,,,,0.0,,,,,,
248,2015-09-09,,,,0.0,,,,,,
249,2015-09-10,,,,0.6,,,,,,
250,2015-09-11,,,,0.0,,,,,,
251,2015-09-12,,,,0.0,,,,,,
252,2015-09-13,,,,0.0,,,,,,
253,2015-09-14,,,,3.7,,,,,,
254,2015-09-15,,,,5.0,,,,,,
255,2015-09-16,,,,0.0,,,,,,
256,2015-09-17,,,,2.9,,,,,,
257,2015-09-18,,,,0.0,,,,,,
258,2015-09-19,,,,1.6,,,,,,
259,2015-09-20,,,,0.2,,,,,,
260,2015-09-21,,,,0.2,,,,,,
261,2015-09-22,,,,0.9,,,,,,
262,2015-09-23,,,,1.9,,,,,,
263,2015-09-24,,,,0.0,,,,,,
264,2015-09-25,,,,0.0,,,,,,
265,2015-09-26,,,,0.0,,,,,,
266,2015-09-27,,,,0.0,,,,,,
267,2015-09-28,,,,0.0,,,,,,
268,2015-09-29,,,,0.0,,,,,,
269,2015-09-30,,,,0.0,,,,,,
270,2015-10-01,,,,0.0,,,,,,
271,2015-10-02,,,,0.0,,,,,,
272,2015-10-03,,,,0.0,,,,,,
273,2015-10-04,,,,0.2,,,,,,
274,2015-10-05,,,,0.0,,,,,,
275,2015-10-06,,,,1.3,,,,,,
276,2015-10-07,,,,17.0,,,,,,
277,2015-10-08,,,,0.2,,,,,,
278,2015-10-09,,,,2.8,,,,,,
279,2015-10-10,,,,0.1,,,,,,
280,2015-10-11,,,,0.0,,,,,,
281,2015-10-12,,,,0.0,,,,,,
282,2015-10-13,,,,0.0,,,,,,
283,2015-10-14,,,,15.4,,,,,,
284,2015-10-15,,,,11.5,,,,,,
285,2015-10-16,,,,1.0,,,,,,
286,2015-10-17,,,,1.0,,,,,,
287,2015-10-18,,,,0.2,,,,,,
288,2015-10-19,,,,0.0,,,,,,
289,2015-10-20,,,,0.4,,,,,,
290,2015-10-21,,,,0.7,,,,,,
291,2015-10-22,,,,0.0,,,,,,
292,2015-10-23,,,,0.3,,,,,,
293,2015-10-24,,,,0.0,,,,,,
294,2015-10-25,,,,0.0,,,,,,
295,2015-10-26,,,,0.0,,,,,,
296,2015-10-27,,,,0.0,,,,,,
297,2015-10-28,,,,0.0,,,,,,
298,2015-10-29,,,,0.0,,,,,,
299,2015-10-30,,,,0.0,,,,,,
300,2015-10-31,,,,0.0,,,,,,
301,2015-11-01,,,,0.0,,,,,,
302,2015-11-02,,,,0.0,,,,,,
303,2015-11-03,,,,0.0,,,,,,
304,2015-11-04,,,,0.0,,,,,,
305,2015-11-05,,,,0.0,,,,,,
306,2015-11-06,,,,0.0,,,,,,
307,2015-11-07,,,,2.0,,,,,,
308,2015-11-08,,,,0.0,,,,,,
309,2015-11-09,,,,2.1,,,,,,
310,2015-11-10,,,,0.0,,,,,,
311,2015-11-11,,,,0.0,,,,,,
312,2015-11-12,,,,0.0,,,,,,
313,2015-11-13,,,,1.2,,,,,,
314,2015-11-14,,,,1.1,,,,,,
315,2015-11-15,,,,4.2,,,,,,
316,2015-11-16,,,,0.0,,,,,,
317,2015-11-17,,,,3.4,,,,,,
318,2015-11-18,,,,0.2,,,,,,
319,2015-11-19,,,,9.3,,,,,,
320,2015-11-20,,,,18.2,,,,,,
321,2015-11-21,,,,0.5,,,,,,
322,2015-11-22,,,,3.0,,,,,,
323,2015-11-23,,,,1.6,,,,,,
324,2015-11-24,,,,0.0,,,,,,
325,2015-11-25,,,,0.1,,,,,,
326,2015-11-26,,,,0.4,,,,,,
327,2015-11-27,,,,0.0,,,,,,
328,2015-11-28,,,,0.7,,,,,,
329,2015-11-29,,,,2.7,,,,,,
330,2015-11-30,,,,15.1,,,,,,
331,2015-12-01,,,,18.9,,,,,,
332,2015-12-02,,,,0.5,,,,,,
333,2015-12-03,,,,0.0,,,,,,
334,2015-12-04,,,,0.1,,,,,,
335,2015-12-05,,,,0.0,,,,,,
336,2015-12-06,,,,0.0,,,,,,
337,2015-12-07,,,,0.0,,,,,,
338,2015-12-08,,,,0.0,,,,,,
339,2015-12-09,,,,4.2,,,,,,
340,2015-12-10,,,,0.0,,,,,,
341,2015-12-11,,,,0.4,,,,,,
342,2015-12-12,,,,2.3,,,,,,
343,2015-12-13,,,,0.7,,,,,,
344,2015-12-14,,,,0.3,,,,,,
345,2015-12-15,,,,0.0,,,,,,
346,2015-12-16,,,,0.3,,,,,,
347,2015-12-17,,,,0.7,,,,,,
348,2015-12-18,,,,0.6,,,,,,
349,2015-12-19,,,,0.0,,,,,,
350,2015-12-20,,,,0.0,,,,,,
351,2015-12-21,,,,1.4,,,,,,
352,2015-12-22,,,,0.0,,,,,,
353,2015-12-23,,,,0.0,,,,,,
354,2015-12-24,,,,0.0,,,,,,
355,2015-12-25,,,,0.3,,,,,,
356,2015-12-26,,,,0.0,,,,,,
357,2015-12-27,,,,0.0,,,,,,
358,2015-12-28,,,,0.0,,,,,,
359,2015-12-29,,,,0.0,,,,,,
360,2015-12-30,,,,0.0,,,,,,
361,2015-12-31,,,,1.8,,,,,,
362,2016-01-01,,,,0.0,,,,,,
363,2016-01-02,,,,0.0,,,,,,
364,2016-01-03,,,,2.0,,,,,,
365,2016-01-04,,,,2.7,,,,,,
366,2016-01-05,,,,0.8,,,,,,
367,2016-01-06,,,,4.7,,,,,,
368,2016-01-07,,,,1.4,,,,,,
369,2016-01-08,,,,1.4,,,,,,
370,2016-01-09,,,,0.1,,,,,,
371,2016-01-10,,,,2.4,,,,,,
372,2016-01-11,,,,3.3,,,,,,
373,2016-01-12,,,,7.2,,,,,,
374,2016-01-13,,,,6.9,,,,,,
375,2016-01-14,,,,0.6,,,,,,
376,2016-01-15,,,,0.7,,,,,,
377,2016-01-16,,,,2.2,,,,,,
378,2016-01-17,,,,2.7,,,,,,
379,2016-01-18,,,,0.1,,,,,,
380,2016-01-19,,,,0.0,,,,,,
381,2016-01-20,,,,0.5,,,,,,
382,2016-01-21,,,,0.7,,,,,,
383,2016-01-22,,,,0.0,,,,,,
384,2016-01-23,,,,3.0,,,,,,
385,2016-01-24,,,,0.1,,,,,,
386,2016-01-25,,,,3.6,,,,,,
387,2016-01-26,,,,0.4,,,,,,
388,2016-01-27,,,,0.0,,,,,,
389,2016-01-28,,,,2.7,,,,,,
390,2016-01-29,,,,0.0,,,,,,
391,2016-01-30,,,,1.6,,,,,,
392,2016-01-31,,,,1.3,,,,,,
393,2016-02-01,,,,1.9,,,,,,
394,2016-02-02,,,,0.3,,,,,,
395,2016-02-03,,,,1.6,,,,,,
396,2016-02-04,,,,1.6,,,,,,
397,2016-02-05,,,,0.8,,,,,,
398,2016-02-06,,,,0.0,,,,,,
399,2016-02-07,,,,0.0,,,,,,
400,2016-02-08,,,,2.8,,,,,,
401,2016-02-09,,,,13.2,,,,,,
402,2016-02-10,,,,0.7,,,,,,
403,2016-02-11,,,,0.6,,,,,,
404,2016-02-12,,,,0.1,,,,,,
405,2016-02-13,,,,1.0,,,,,,
406,2016-02-14,,,,3.3,,,,,,
407,2016-02-15,,,,0.2,,,,,,
408,2016-02-16,,,,0.0,,,,,,
409,2016-02-17,,,,1.9,,,,,,
410,2016-02-18,,,,0.0,,,,,,
411,2016-02-19,,,,0.5,,,,,,
412,2016-02-20,,,,1.2,,,,,,
413,2016-02-21,,,,1.9,,,,,,
414,2016-02-22,,,,0.0,,,,,,
415,2016-02-23,,,,9.2,,,,,,
416,2016-02-24,,,,0.0,,,,,,
417,2016-02-25,,,,0.2,,,,,,
418,2016-02-26,,,,0.0,,,,,,
419,2016-02-27,,,,0.0,,,,,,
420,2016-02-28,,,,0.0,,,,,,
421,2016-02-29,,,,8.7,,,,,,
422,2016-03-01,,,,3.9,,,,,,
423,2016-03-02,,,,2.8,,,,,,
424,2016-03-03,,,,0.0,,,,,,
425,2016-03-04,,,,0.0,,,,,,
426,2016-03-05,,,,0.1,,,,,,
427,2016-03-06,,,,5.0,,,,,,
428,2016-03-07,,,,2.8,,,,,,
429,2016-03-08,,,,0.0,,,,,,
430,2016-03-09,,,,0.0,,,,,,
431,2016-03-10,,,,0.0,,,,,,
432,2016-03-11,,,,0.0,,,,,,
433,2016-03-12,,,,0.0,,,,,,
434,2016-03-13,,,,0.0,,,,,,
435,2016-03-14,,,,0.0,,,,,,
436,2016-03-15,,,,0.2,,,,,,
437,2016-03-16,,,,0.0,,,,,,
438,2016-03-17,,,,0.0,,,,,,
439,2016-03-18,,,,0.0,,,,,,
440,2016-03-19,,,,0.0,,,,,,
441,2016-03-20,,,,0.0,,,,,,
442,2016-03-21,,,,1.1,,,,,,
443,2016-03-22,,,,0.5,,,,,,
444,2016-03-23,,,,1.3,,,,,,
445,2016-03-24,,,,0.0,,,,,,
446,2016-03-25,,,,4.4,,,,,,
447,2016-03-26,,,,0.3,,,,,,
448,2016-03-28,,,,4.7,,,,,,
449,2016-03-29,,,,2.4,,,,,,
450,2016-03-30,,,,0.5,,,,,,
451,2016-03-31,,,,5.2,,,,,,
452,2016-04-01,,,,2.3,,,,,,
453,2016-04-02,,,,0.0,,,,,,
454,2016-04-03,,,,0.0,,,,,,
455,2016-04-04,,,,0.0,,,,,,
456,2016-04-05,,,,0.1,,,,,,
457,2016-04-06,,,,0.3,,,,,,
458,2016-04-07,,,,0.0,,,,,,
459,2016-04-08,,,,0.0,,,,,,
460,2016-04-09,,,,0.0,,,,,,
461,2016-04-10,,,,0.0,,,,,,
462,2016-04-11,,,,0.0,,,,,,
463,2016-04-12,,,,0.0,,,,,,
464,2016-04-13,,,,2.2,,,,,,
465,2016-04-14,,,,6.6,,,,,,
466,2016-04-15,,,,0.9,,,,,,
467,2016-04-16,,,,0.9,,,,,,
468,2016-04-17,,,,8.7,,,,,,
469,2016-04-18,,,,0.0,,,,,,
470,2016-04-19,,,,0.0,,,,,,
471,2016-04-20,,,,0.0,,,,,,
472,2016-04-21,,,,0.0,,,,,,
473,2016-04-22,,,,0.0,,,,,,
474,2016-04-23,,,,2.4,,,,,,
475,2016-04-24,,,,1.2,,,,,,
476,2016-04-25,,,,0.1,,,,,,
477,2016-04-26,,,,5.3,,,,,,
478,2016-04-27,,,,0.1,,,,,,
479,2016-04-28,,,,0.0,,,,,,
480,2016-04-29,,,,0.0,,,,,,
481,2016-04-30,,,,0.0,,,,,,
482,2016-05-01,,,,0.0,,,,,,
483,2016-05-02,,,,0.0,,,,,,
484,2016-05-03,,,,0.0,,,,,,
485,2016-05-04,,,,0.3,,,,,,
486,2016-05-05,,,,0.0,,,,,,
487,2016-05-06,,,,0.0,,,,,,
488,2016-05-07,,,,0.0,,,,,,
489,2016-05-08,,,,0.0,,,,,,
490,2016-05-09,,,,0.0,,,,,,
491,2016-05-10,,,,0.0,,,,,,
492,2016-05-11,,,,0.0,,,,,,
493,2016-05-12,,,,1.8,,,,,,
494,2016-05-13,,,,0.1,,,,,,
495,2016-05-14,,,,0.3,,,,,,
496,2016-05-15,,,,0.6,,,,,,
497,2016-05-16,,,,0.3,,,,,,
498,2016-05-17,,,,0.0,,,,,,
499,2016-05-18,,,,0.0,,,,,,
500,2016-05-19,,,,0.4,,,,,,
501,2016-05-20,,,,0.0,,,,,,
502,2016-05-21,,,,0.0,,,,,,
503,2016-05-22,,,,0.0,,,,,,
504,2016-05-24,,,,3.9,,,,,,
505,2016-05-25,,,,0.0,,,,,,
506,2016-05-26,,,,0.0,,,,,,
507,2016-05-27,,,,0.2,,,,,,
508,2016-05-28,,,,0.0,,,,,,
509,2016-05-29,,,,0.0,,,,,,
510,2016-05-30,,,,7.5,,,,,,
511,2016-05-31,,,,2.1,,,,,,
512,2016-06-01,,,,39.0,,,,,,
513,2016-06-02,,,,3.9,,,,,,
514,2016-06-03,,,,18.6,,,,,,
515,2016-06-04,,,,0.0,,,,,,
516,2016-06-05,,,,0.1,,,,,,
517,2016-06-06,,,,0.9,,,,,,
518,2016-06-07,,,,0.0,,,,,,
519,2016-06-08,,,,3.8,,,,,,
520,2016-06-09,,,,0.0,,,,,,
521,2016-06-10,,,,0.0,,,,,,
522,2016-06-11,,,,0.0,,,,,,
523,2016-06-12,,,,5.1,,,,,,
524,2016-06-13,,,,10.2,,,,,,
525,2016-06-14,,,,0.6,,,,,,
526,2016-06-15,,,,2.5,,,,,,
527,2016-06-16,,,,0.8,,,,,,
528,2016-06-17,,,,16.5,,,,,,
529,2016-06-18,,,,0.2,,,,,,
530,2016-06-19,,,,0.0,,,,,,
531,2016-06-20,,,,0.0,,,,,,
532,2016-06-21,,,,0.0,,,,,,
533,2016-06-22,,,,0.6,,,,,,
534,2016-06-23,,,,0.0,,,,,,
535,2016-06-24,,,,0.0,,,,,,
536,2016-06-25,,,,3.1,,,,,,
537,2016-06-26,,,,2.4,,,,,,
538,2016-06-27,,,,0.0,,,,,,
539,2016-06-28,,,,1.5,,,,,,
540,2016-06-29,,,,0.6,,,,,,
541,2016-06-30,,,,0.0,,,,,,
542,2016-07-01,,,,0.0,,,,,,
543,2016-07-02,,,,7.6,,,,,,
544,2016-07-03,,,,0.5,,,,,,
545,2016-07-04,,,,0.0,,,,,,
546,2016-07-05,,,,0.1,,,,,,
547,2016-07-06,,,,0.0,,,,,,
548,2016-07-07,,,,0.0,,,,,,
549,2016-07-08,,,,0.0,,,,,,
550,2016-07-09,,,,0.0,,,,,,
551,2016-07-10,,,,0.0,,,,,,
552,2016-07-11,,,,0.5,,,,,,
553,2016-07-12,,,,0.0,,,,,,
554,2016-07-13,,,,7.8,,,,,,
555,2016-07-14,,,,19.7,,,,,,
556,2016-07-15,,,,0.5,,,,,,
557,2016-07-16,,,,0.0,,,,,,
558,2016-07-17,,,,3.3,,,,,,
559,2016-07-18,,,,0.0,,,,,,
560,2016-07-19,,,,0.0,,,,,,
561,2016-07-20,,,,0.0,,,,,,
562,2016-07-21,,,,2.6,,,,,,
563,2016-07-22,,,,0.0,,,,,,
564,2016-07-23,,,,22.8,,,,,,
565,2016-07-24,,,,0.9,,,,,,
566,2016-07-25,,,,0.0,,,,,,
567,2016-07-26,,,,0.0,,,,,,
568,2016-07-27,,,,12.5,,,,,,
569,2016-07-28,,,,0.0,,,,,,
570,2016-07-29,,,,2.8,,,,,,
571,2016-07-30,,,,0.0,,,,,,
572,2016-07-31,,,,9.9,,,,,,
573,2016-08-01,,,,0.5,,,,,,
574,2016-08-02,,,,0.3,,,,,,
575,2016-08-03,,,,0.1,,,,,,
576,2016-08-04,,,,0.0,,,,,,
577,2016-08-05,,,,15.9,,,,,,
578,2016-08-06,,,,0.0,,,,,,
579,2016-08-07,,,,0.0,,,,,,
580,2016-08-08,,,,0.0,,,,,,
581,2016-08-09,,,,0.9,,,,,,
582,2016-08-10,,,,1.9,,,,,,
583,2016-08-11,,,,0.0,,,,,,
584,2016-08-12,,,,2.9,,,,,,
585,2016-08-13,,,,0.1,,,,,,
586,2016-08-14,,,,0.0,,,,,,
587,2016-08-15,,,,0.0,,,,,,
588,2016-08-16,,,,0.0,,,,,,
589,2016-08-17,,,,0.0,,,,,,
590,2016-08-18,,,,0.0,,,,,,
591,2016-08-19,,,,0.0,,,,,,
592,2016-08-20,,,,0.8,,,,,,
593,2016-08-21,,,,7.2,,,,,,
594,2016-08-22,,,,0.0,,,,,,
595,2016-08-23,,,,0.0,,,,,,
596,2016-08-24,,,,0.0,,,,,,
597,2016-08-25,,,,0.0,,,,,,
598,2016-08-26,,,,0.0,,,,,,
599,2016-08-27,,,,0.0,,,,,,
600,2016-08-28,,,,0.4,,,,,,
601,2016-08-29,,,,0.0,,,,,,
602,2016-08-30,,,,0.0,,,,,,
603,2016-08-31,,,,0.0,,,,,,
604,2016-09-01,,,,0.0,,,,,,
605,2016-09-02,,,,0.0,,,,,,
606,2016-09-03,,,,0.0,,,,,,
607,2016-09-04,,,,1.8,,,,,,
608,2016-09-05,,,,5.5,,,,,,
609,2016-09-06,,,,0.2,,,,,,
610,2016-09-07,,,,0.0,,,,,,
611,2016-09-08,,,,0.0,,,,,,
612,2016-09-09,,,,0.0,,,,,,
613,2016-09-10,,,,0.0,,,,,,
614,2016-09-11,,,,0.0,,,,,,
615,2016-09-12,,,,0.0,,,,,,
616,2016-09-13,,,,0.0,,,,,,
617,2016-09-14,,,,0.0,,,,,,
618,2016-09-15,,,,0.0,,,,,,
619,2016-09-16,,,,4.1,,,,,,
620,2016-09-17,,,,26.3,,,,,,
621,2016-09-18,,,,18.7,,,,,,
622,2016-09-19,,,,2.0,,,,,,
623,2016-09-20,,,,0.0,,,,,,
624,2016-09-21,,,,0.0,,,,,,
625,2016-09-22,,,,0.0,,,,,,
626,2016-09-23,,,,0.0,,,,,,
627,2016-09-24,,,,0.0,,,,,,
628,2016-09-25,,,,0.0,,,,,,
629,2016-09-26,,,,0.0,,,,,,
630,2016-09-27,,,,0.0,,,,,,
631,2016-09-28,,,,0.0,,,,,,
632,2016-09-29,,,,0.0,,,,,,
633,2016-09-30,,,,0.0,,,,,,
634,2016-10-01,,,,0.1,,,,,,
635,2016-10-02,,,,0.3,,,,,,
636,2016-10-03,,,,2.3,,,,,,
637,2016-10-04,,,,2.1,,,,,,
638,2016-10-05,,,,2.0,,,,,,
639,2016-10-06,,,,3.2,,,,,,
640,2016-10-07,,,,0.4,,,,,,
641,2016-10-08,,,,0.5,,,,,,
642,2016-10-09,,,,1.1,,,,,,
643,2016-10-10,,,,0.0,,,,,,
644,2016-10-11,,,,0.4,,,,,,
645,2016-10-12,,,,0.1,,,,,,
646,2016-10-13,,,,0.0,,,,,,
647,2016-10-14,,,,0.0,,,,,,
648,2016-10-15,,,,0.0,,,,,,
649,2016-10-16,,,,0.0,,,,,,
650,2016-10-17,,,,0.0,,,,,,
651,2016-10-18,,,,0.2,,,,,,
652,2016-10-19,,,,3.7,,,,,,
653,2016-10-20,,,,8.6,,,,,,
654,2016-10-21,,,,3.5,,,,,,
655,2016-10-22,,,,2.2,,,,,,
656,2016-10-23,,,,0.0,,,,,,
657,2016-10-24,,,,3.8,,,,,,
658,2016-10-25,,,,4.2,,,,,,
659,2016-10-26,,,,0.0,,,,,,
660,2016-10-27,,,,0.3,,,,,,
661,2016-10-28,,,,0.8,,,,,,
662,2016-10-29,,,,0.3,,,,,,
663,2016-10-30,,,,0.0,,,,,,
664,2016-10-31,,,,0.0,,,,,,
665,2016-11-01,,,,0.0,,,,,,
666,2016-11-02,,,,3.0,,,,,,
667,2016-11-03,,,,0.2,,,,,,
668,2016-11-04,,,,0.0,,,,,,
669,2016-11-05,,,,2.0,,,,,,
670,2016-11-06,,,,0.0,,,,,,
671,2016-11-07,,,,0.1,,,,,,
672,2016-11-08,,,,0.6,,,,,,
673,2016-11-09,,,,0.0,,,,,,
674,2016-11-10,,,,3.8,,,,,,
675,2016-11-11,,,,1.7,,,,,,
676,2016-11-12,,,,0.0,,,,,,
677,2016-11-13,,,,0.0,,,,,,
678,2016-11-14,,,,0.0,,,,,,
679,2016-11-15,,,,2.9,,,,,,
680,2016-11-16,,,,7.6,,,,,,
681,2016-11-17,,,,1.4,,,,,,
682,2016-11-18,,,,6.2,,,,,,
683,2016-11-19,,,,5.8,,,,,,
684,2016-11-20,,,,0.0,,,,,,
685,2016-11-21,,,,0.0,,,,,,
686,2016-11-22,,,,0.0,,,,,,
687,2016-11-23,,,,0.0,,,,,,
688,2016-11-24,,,,0.0,,,,,,
689,2016-11-25,,,,0.0,,,,,,
690,2016-11-26,,,,0.0,,,,,,
691,2016-11-27,,,,1.0,,,,,,
692,2016-11-28,,,,0.0,,,,,,
693,2016-11-29,,,,0.0,,,,,,
694,2016-11-30,,,,0.0,,,,,,
695,2016-12-01,,,,0.1,,,,,,
696,2016-12-02,,,,4.0,,,,,,
697,2016-12-03,,,,0.0,,,,,,
698,2016-12-04,,,,0.0,,,,,,
699,2016-12-05,,,,0.1,,,,,,
700,2016-12-06,,,,0.0,,,,,,
701,2016-12-07,,,,0.0,,,,,,
702,2016-12-08,,,,0.0,,,,,,
703,2016-12-09,,,,0.0,,,,,,
704,2016-12-10,,,,0.0,,,,,,
705,2016-12-11,,,,2.4,,,,,,
706,2016-12-12,,,,4.0,,,,,,
707,2016-12-13,,,,0.8,,,,,,
708,2016-12-14,,,,1.1,,,,,,
709,2016-12-15,,,,0.0,,,,,,
710,2016-12-16,,,,0.0,,,,,,
711,2016-12-17,,,,0.0,,,,,,
712,2016-12-18,,,,0.3,,,,,,
713,2016-12-19,,,,0.0,,,,,,
714,2016-12-20,,,,0.0,,,,,,
715,2016-12-21,,,,0.0,,,,,,
716,2016-12-22,,,,0.1,,,,,,
717,2016-12-23,,,,0.3,,,,,,
718,2016-12-24,,,,0.4,,,,,,
719,2016-12-25,,,,0.6,,,,,,
720,2016-12-26,,,,1.0,,,,,,
721,2016-12-27,,,,0.8,,,,,,
722,2016-12-28,,,,2.0,,,,,,
723,2016-12-29,,,,0.0,,,,,,
724,2016-12-30,,,,0.0,,,,,,
725,2016-12-31,,,,0.0,,,,,,
726,2017-01-01,,,,0.0,,,,,,
727,2017-01-02,,,,1.3,,,,,,
728,2017-01-03,,,,0.1,,,,,,
729,2017-01-04,,,,2.7,,,,,,
730,2017-01-05,,,,3.1,,,,,,
731,2017-01-06,,,,0.0,,,,,,
732,2017-01-07,,,,0.4,,,,,,
733,2017-01-08,,,,0.4,,,,,,
734,2017-01-09,,,,0.0,,,,,,
735,2017-01-10,,,,0.0,,,,,,
736,2017-01-11,,,,1.4,,,,,,
737,2017-01-12,,,,0.4,,,,,,
738,2017-01-13,,,,5.0,,,,,,
739,2017-01-14,,,,2.4,,,,,,
740,2017-01-15,,,,0.3,,,,,,
741,2017-01-16,,,,0.5,,,,,,
742,2017-01-17,,,,0.0,,,,,,
743,2017-01-18,,,,0.0,,,,,,
744,2017-01-19,,,,0.0,,,,,,
745,2017-01-20,,,,0.0,,,,,,
746,2017-01-21,,,,0.0,,,,,,
747,2017-01-22,,,,0.0,,,,,,
748,2017-01-23,,,,0.0,,,,,,
749,2017-01-24,,,,0.0,,,,,,
750,2017-01-25,,,,0.0,,,,,,
751,2017-01-26,,,,0.0,,,,,,
752,2017-01-27,,,,0.0,,,,,,
753,2017-01-28,,,,0.0,,,,,,
754,2017-01-29,,,,0.0,,,,,,
755,2017-01-30,,,,2.2,,,,,,
756,2017-01-31,,,,2.2,,,,,,
757,2017-02-01,,,,0.0,,,,,,
758,2017-02-02,,,,0.8,,,,,,
759,2017-02-03,,,,0.1,,,,,,
760,2017-02-04,,,,0.0,,,,,,
761,2017-02-05,,,,0.5,,,,,,
762,2017-02-06,,,,0.0,,,,,,
763,2017-02-07,,,,0.0,,,,,,
764,2017-02-08,,,,0.0,,,,,,
765,2017-02-09,,,,0.0,,,,,,
766,2017-02-10,,,,0.0,,,,,,
767,2017-02-11,,,,1.3,,,,,,
768,2017-02-12,,,,0.0,,,,,,
769,2017-02-13,,,,0.0,,,,,,
770,2017-02-14,,,,0.0,,,,,,
771,2017-02-15,,,,0.0,,,,,,
772,2017-02-16,,,,0.0,,,,,,
773,2017-02-17,,,,4.5,,,,,,
774,2017-02-18,,,,0.4,,,,,,
775,2017-02-19,,,,0.3,,,,,,
776,2017-02-20,,,,2.3,,,,,,
777,2017-02-21,,,,0.8,,,,,,
778,2017-02-22,,,,0.5,,,,,,
779,2017-02-23,,,,1.9,,,,,,
780,2017-02-24,,,,0.6,,,,,,
781,2017-02-25,,,,0.0,,,,,,
782,2017-02-26,,,,0.0,,,,,,
783,2017-02-27,,,,0.0,,,,,,
784,2017-02-28,,,,3.4,,,,,,
785,2017-03-01,,,,0.3,,,,,,
786,2017-03-02,,,,1.5,,,,,,
787,2017-03-03,,,,0.0,,,,,,
788,2017-03-04,,,,0.0,,,,,,
789,2017-03-05,,,,0.4,,,,,,
790,2017-03-06,,,,3.3,,,,,,
791,2017-03-07,,,,3.4,,,,,,
792,2017-03-08,,,,1.2,,,,,,
793,2017-03-09,,,,3.3,,,,,,
794,2017-03-10,,,,6.5,,,,,,
795,2017-03-11,,,,0.0,,,,,,
796,2017-03-12,,,,0.0,,,,,,
797,2017-03-13,,,,0.0,,,,,,
798,2017-03-14,,,,0.0,,,,,,
799,2017-03-15,,,,0.0,,,,,,
800,2017-03-16,,,,0.0,,,,,,
801,2017-03-17,,,,0.0,,,,,,
802,2017-03-18,,,,17.8,,,,,,
803,2017-03-19,,,,4.0,,,,,,
804,2017-03-20,,,,0.0,,,,,,
805,2017-03-21,,,,2.1,,,,,,
806,2017-03-22,,,,2.7,,,,,,
807,2017-03-23,,,,0.0,,,,,,
808,2017-03-24,,,,0.0,,,,,,
809,2017-03-25,,,,0.0,,,,,,
810,2017-03-27,,,,0.0,,,,,,
811,2017-03-28,,,,0.0,,,,,,
812,2017-03-29,,,,0.0,,,,,,
813,2017-03-30,,,,0.0,,,,,,
814,2017-03-31,,,,0.0,,,,,,
815,2017-04-01,,,,1.5,,,,,,
816,2017-04-02,,,,0.4,,,,,,
817,2017-04-03,,,,0.1,,,,,,
818,2017-04-04,,,,2.6,,,,,,
819,2017-04-05,,,,0.0,,,,,,
820,2017-04-06,,,,0.2,,,,,,
821,2017-04-07,,,,0.0,,,,,,
822,2017-04-08,,,,0.0,,,,,,
823,2017-04-09,,,,0.0,,,,,,
824,2017-04-10,,,,0.0,,,,,,
825,2017-04-11,,,,0.0,,,,,,
826,2017-04-12,,,,0.0,,,,,,
827,2017-04-13,,,,0.6,,,,,,
828,2017-04-14,,,,0.0,,,,,,
829,2017-04-15,,,,0.3,,,,,,
830,2017-04-16,,,,1.8,,,,,,
831,2017-04-17,,,,3.1,,,,,,
832,2017-04-18,,,,2.6,,,,,,
833,2017-04-19,,,,0.1,,,,,,
834,2017-04-20,,,,0.0,,,,,,
835,2017-04-21,,,,0.0,,,,,,
836,2017-04-22,,,,3.1,,,,,,
837,2017-04-23,,,,0.0,,,,,,
838,2017-04-24,,,,0.0,,,,,,
839,2017-04-25,,,,0.0,,,,,,
840,2017-04-26,,,,9.5,,,,,,
841,2017-04-27,,,,0.0,,,,,,
842,2017-04-28,,,,0.2,,,,,,
843,2017-04-29,,,,0.3,,,,,,
844,2017-04-30,,,,0.0,,,,,,
845,2017-05-01,,,,0.0,,,,,,
846,2017-05-02,,,,6.7,,,,,,
847,2017-05-03,,,,1.0,,,,,,
848,2017-05-04,,,,13.9,,,,,,
849,2017-05-05,,,,1.2,,,,,,
850,2017-05-06,,,,0.0,,,,,,
851,2017-05-07,,,,0.0,,,,,,
852,2017-05-08,,,,0.2,,,,,,
853,2017-05-09,,,,0.0,,,,,,
854,2017-05-10,,,,0.0,,,,,,
855,2017-05-11,,,,0.0,,,,,,
856,2017-05-12,,,,1.1,,,,,,
857,2017-05-13,,,,0.0,,,,,,
858,2017-05-14,,,,3.9,,,,,,
859,2017-05-15,,,,0.0,,,,,,
860,2017-05-16,,,,0.0,,,,,,
861,2017-05-17,,,,0.0,,,,,,
862,2017-05-18,,,,0.0,,,,,,
863,2017-05-19,,,,3.9,,,,,,
864,2017-05-20,,,,3.4,,,,,,
865,2017-05-21,,,,0.0,,,,,,
866,2017-05-22,,,,0.0,,,,,,
867,2017-05-23,,,,0.0,,,,,,
868,2017-05-24,,,,0.4,,,,,,
869,2017-05-25,,,,0.2,,,,,,
870,2017-05-26,,,,0.0,,,,,,
871,2017-05-27,,,,0.0,,,,,,
872,2017-05-28,,,,0.0,,,,,,
873,2017-05-29,,,,0.0,,,,,,
874,2017-05-30,,,,0.8,,,,,,
875,2017-05-31,,,,0.0,,,,,,
876,2017-06-01,,,,0.0,,,,,,
877,2017-06-02,,,,0.0,,,,,,
878,2017-06-03,,,,2.7,,,,,,
879,2017-06-04,,,,30.5,,,,,,
880,2017-06-05,,,,0.3,,,,,,
881,2017-06-06,,,,7.6,,,,,,
882,2017-06-07,,,,2.3,,,,,,
883,2017-06-08,,,,0.0,,,,,,
884,2017-06-09,,,,0.0,,,,,,
885,2017-06-10,,,,9.5,,,,,,
886,2017-06-11,,,,0.0,,,,,,
887,2017-06-12,,,,0.0,,,,,,
888,2017-06-13,,,,0.0,,,,,,
889,2017-06-14,,,,0.0,,,,,,
890,2017-06-15,,,,0.0,,,,,,
891,2017-06-16,,,,0.8,,,,,,
892,2017-06-17,,,,0.0,,,,,,
893,2017-06-18,,,,0.0,,,,,,
894,2017-06-19,,,,0.0,,,,,,
895,2017-06-20,,,,0.0,,,,,,
896,2017-06-21,,,,0.0,,,,,,
897,2017-06-22,,,,4.1,,,,,,
898,2017-06-23,,,,16.8,,,,,,
899,2017-06-24,,,,0.0,,,,,,
900,2017-06-25,,,,0.0,,,,,,
901,2017-06-26,,,,0.0,,,,,,
902,2017-06-27,,,,1.8,,,,,,
903,2017-06-28,,,,1.0,,,,,,
904,2017-06-29,,,,7.1,,,,,,
905,2017-06-30,,,,0.4,,,,,,
906,2017-07-01,,,,0.0,,,,,,
907,2017-07-02,,,,0.8,,,,,,
908,2017-07-03,,,,1.7,,,,,,
909,2017-07-04,,,,0.0,,,,,,
910,2017-07-05,,,,0.0,,,,,,
911,2017-07-06,,,,0.0,,,,,,
912,2017-07-07,,,,5.3,,,,,,
913,2017-07-08,,,,0.0,,,,,,
914,2017-07-09,,,,0.0,,,,,,
915,2017-07-10,,,,3.3,,,,,,
916,2017-07-11,,,,8.9,,,,,,
917,2017-07-12,,,,7.1,,,,,,
918,2017-07-13,,,,1.2,,,,,,
919,2017-07-14,,,,0.9,,,,,,
920,2017-07-15,,,,11.2,,,,,,
921,2017-07-16,,,,0.0,,,,,,
922,2017-07-17,,,,0.3,,,,,,
923,2017-07-18,,,,0.0,,,,,,
924,2017-07-19,,,,0.0,,,,,,
925,2017-07-20,,,,17.3,,,,,,
926,2017-07-21,,,,0.0,,,,,,
927,2017-07-22,,,,0.0,,,,,,
928,2017-07-23,,,,0.8,,,,,,
929,2017-07-24,,,,7.0,,,,,,
930,2017-07-25,,,,1.9,,,,,,
931,2017-07-26,,,,2.8,,,,,,
932,2017-07-27,,,,0.0,,,,,,
933,2017-07-28,,,,0.3,,,,,,
934,2017-07-29,,,,0.0,,,,,,
935,2017-07-30,,,,0.1,,,,,,
936,2017-07-31,,,,9.6,,,,,,
937,2017-08-01,,,,6.7,,,,,,
938,2017-08-02,,,,1.6,,,,,,
939,2017-08-03,,,,4.0,,,,,,
940,2017-08-04,,,,0.0,,,,,,
941,2017-08-05,,,,0.4,,,,,,
942,2017-08-06,,,,0.0,,,,,,
943,2017-08-07,,,,0.0,,,,,,
944,2017-08-08,,,,0.7,,,,,,
945,2017-08-09,,,,3.3,,,,,,
946,2017-08-10,,,,19.0,,,,,,
947,2017-08-11,,,,0.3,,,,,,
948,2017-08-12,,,,0.4,,,,,,
949,2017-08-13,,,,0.0,,,,,,
950,2017-08-14,,,,0.0,,,,,,
951,2017-08-15,,,,15.9,,,,,,
952,2017-08-16,,,,10.1,,,,,,
953,2017-08-17,,,,0.0,,,,,,
954,2017-08-18,,,,4.1,,,,,,
955,2017-08-19,,,,2.5,,,,,,
956,2017-08-20,,,,0.0,,,,,,
957,2017-08-21,,,,0.0,,,,,,
958,2017-08-22,,,,0.0,,,,,,
959,2017-08-23,,,,0.0,,,,,,
960,2017-08-24,,,,0.0,,,,,,
961,2017-08-25,,,,0.0,,,,,,
962,2017-08-26,,,,10.0,,,,,,
963,2017-08-27,,,,0.0,,,,,,
964,2017-08-28,,,,0.0,,,,,,
965,2017-08-29,,,,0.0,,,,,,
966,2017-08-30,,,,0.0,,,,,,
967,2017-08-31,,,,9.3,,,,,,
968,2017-09-01,,,,11.2,,,,,,
969,2017-09-02,,,,6.8,,,,,,
970,2017-09-03,,,,0.0,,,,,,
971,2017-09-04,,,,0.0,,,,,,
972,2017-09-05,,,,0.0,,,,,,
973,2017-09-06,,,,0.0,,,,,,
974,2017-09-07,,,,0.1,,,,,,
975,2017-09-08,,,,0.0,,,,,,
976,2017-09-09,,,,0.9,,,,,,
977,2017-09-10,,,,1.1,,,,,,
978,2017-09-11,,,,0.1,,,,,,
979,2017-09-12,,,,1.8,,,,,,
980,2017-09-13,,,,3.1,,,,,,
981,2017-09-14,,,,10.6,,,,,,
982,2017-09-15,,,,0.7,,,,,,
983,2017-09-16,,,,0.7,,,,,,
984,2017-09-17,,,,0.2,,,,,,
985,2017-09-18,,,,3.6,,,,,,
986,2017-09-19,,,,0.3,,,,,,
987,2017-09-20,,,,0.5,,,,,,
988,2017-09-21,,,,0.1,,,,,,
989,2017-09-22,,,,0.0,,,,,,
990,2017-09-23,,,,0.0,,,,,,
991,2017-09-24,,,,0.0,,,,,,
992,2017-09-25,,,,0.0,,,,,,
993,2017-09-26,,,,0.0,,,,,,
994,2017-09-27,,,,0.0,,,,,,
995,2017-09-28,,,,0.0,,,,,,
996,2017-09-29,,,,0.0,,,,,,
997,2017-09-30,,,,0.0,,,,,,
998,2017-10-01,,,,5.7,,,,,,
999,2017-10-02,,,,1.7,,,,,,
1000,2017-10-03,,,,12.8,,,,,,
1001,2017-10-04,,,,0.0,,,,,,
1002,2017-10-05,,,,5.5,,,,,,
1003,2017-10-06,,,,1.6,,,,,,
1004,2017-10-07,,,,2.2,,,,,,
1005,2017-10-08,,,,5.0,,,,,,
1006,2017-10-09,,,,0.0,,,,,,
1007,2017-10-10,,,,1.0,,,,,,
1008,2017-10-11,,,,0.1,,,,,,
1009,2017-10-12,,,,0.0,,,,,,
1010,2017-10-13,,,,0.0,,,,,,
1011,2017-10-14,,,,0.0,,,,,,
1012,2017-10-15,,,,0.0,,,,,,
1013,2017-10-16,,,,0.0,,,,,,
1014,2017-10-17,,,,0.0,,,,,,
1015,2017-10-18,,,,0.0,,,,,,
1016,2017-10-19,,,,0.0,,,,,,
1017,2017-10-20,,,,0.0,,,,,,
1018,2017-10-21,,,,0.2,,,,,,
1019,2017-10-22,,,,5.2,,,,,,
1020,2017-10-23,,,,1.9,,,,,,
1021,2017-10-24,,,,0.5,,,,,,
1022,2017-10-25,,,,0.0,,,,,,
1023,2017-10-26,,,,0.0,,,,,,
1024,2017-10-27,,,,7.7,,,,,,
1025,2017-10-28,,,,2.2,,,,,,
1026,2017-10-29,,,,19.7,,,,,,
1027,2017-10-30,,,,3.6,,,,,,
1028,2017-10-31,,,,0.1,,,,,,
1029,2017-11-01,,,,0.2,,,,,,
1030,2017-11-02,,,,0.0,,,,,,
1031,2017-11-03,,,,0.0,,,,,,
1032,2017-11-04,,,,0.0,,,,,,
1033,2017-11-05,,,,9.4,,,,,,
1034,2017-11-06,,,,1.0,,,,,,
1035,2017-11-07,,,,0.0,,,,,,
1036,2017-11-08,,,,4.2,,,,,,
1037,2017-11-09,,,,1.6,,,,,,
1038,2017-11-10,,,,2.2,,,,,,
1039,2017-11-11,,,,1.9,,,,,,
1040,2017-11-12,,,,11.3,,,,,,
1041,2017-11-13,,,,0.7,,,,,,
1042,2017-11-14,,,,0.0,,,,,,
1043,2017-11-15,,,,0.0,,,,,,
1044,2017-11-16,,,,0.0,,,,,,
1045,2017-11-17,,,,0.3,,,,,,
1046,2017-11-18,,,,0.8,,,,,,
1047,2017-11-19,,,,1.0,,,,,,
1048,2017-11-20,,,,1.4,,,,,,
1049,2017-11-21,,,,1.9,,,,,,
1050,2017-11-22,,,,0.0,,,,,,
1051,2017-11-23,,,,0.0,,,,,,
1052,2017-11-24,,,,0.3,,,,,,
1053,2017-11-25,,,,10.3,,,,,,
1054,2017-11-26,,,,0.2,,,,,,
1055,2017-11-27,,,,1.0,,,,,,
1056,2017-11-28,,,,2.4,,,,,,
1057,2017-11-29,,,,1.0,,,,,,
1058,2017-11-30,,,,2.6,,,,,,
1059,2017-12-01,,,,0.0,,,,,,
1060,2017-12-02,,,,0.0,,,,,,
1061,2017-12-03,,,,1.0,,,,,,
1062,2017-12-04,,,,1.7,,,,,,
1063,2017-12-05,,,,1.6,,,,,,
1064,2017-12-06,,,,0.0,,,,,,
1065,2017-12-07,,,,0.0,,,,,,
1066,2017-12-08,,,,1.8,,,,,,
1067,2017-12-09,,,,0.1,,,,,,
1068,2017-12-10,,,,3.6,,,,,,
1069,2017-12-11,,,,3.2,,,,,,
1070,2017-12-12,,,,1.1,,,,,,
1071,2017-12-13,,,,0.7,,,,,,
1072,2017-12-14,,,,6.5,,,,,,
1073,2017-12-15,,,,5.2,,,,,,
1074,2017-12-16,,,,0.7,,,,,,
1075,2017-12-17,,,,2.9,,,,,,
1076,2017-12-18,,,,0.1,,,,,,
1077,2017-12-19,,,,0.5,,,,,,
1078,2017-12-20,,,,0.0,,,,,,
1079,2017-12-21,,,,4.1,,,,,,
1080,2017-12-22,,,,0.0,,,,,,
1081,2017-12-23,,,,0.0,,,,,,
1082,2017-12-24,,,,0.0,,,,,,
1083,2017-12-25,,,,0.0,,,,,,
1084,2017-12-26,,,,0.2,,,,,,
1085,2017-12-27,,,,0.8,,,,,,
1086,2017-12-28,,,,8.0,,,,,,
1087,2017-12-29,,,,0.0,,,,,,
1088,2017-12-30,,,,1.0,,,,,,
1089,2017-12-31,,,,2.2,,,,,,
1090,2018-01-01,,,,0.6,,,,,,
1091,2018-01-02,,,,3.4,,,,,,
1092,2018-01-03,,,,12.2,,,,,,
1093,2018-01-04,,,,1.3,,,,,,
1094,2018-01-05,,,,2.7,,,,,,
1095,2018-01-06,,,,0.0,,,,,,
1096,2018-01-07,,,,0.0,,,,,,
1097,2018-01-08,,,,0.0,,,,,,
1098,2018-01-09,,,,0.3,,,,,,
1099,2018-01-10,,,,0.0,,,,,,
1100,2018-01-11,,,,0.0,,,,,,
1101,2018-01-12,,,,0.2,,,,,,
1102,2018-01-13,,,,0.0,,,,,,
1103,2018-01-14,,,,0.0,,,,,,
1104,2018-01-15,,,,0.1,,,,,,
1105,2018-01-16,,,,15.1,,,,,,
1106,2018-01-17,,,,4.5,,,,,,
1107,2018-01-18,,,,2.8,,,,,,
1108,2018-01-19,,,,2.6,,,,,,
1109,2018-01-20,,,,1.6,,,,,,
1110,2018-01-21,,,,6.9,,,,,,
1111,2018-01-22,,,,1.4,,,,,,
1112,2018-01-23,,,,0.8,,,,,,
1113,2018-01-24,,,,0.1,,,,,,
1114,2018-01-25,,,,0.0,,,,,,
1115,2018-01-26,,,,0.2,,,,,,
1116,2018-01-27,,,,0.8,,,,,,
1117,2018-01-28,,,,0.0,,,,,,
1118,2018-01-29,,,,0.0,,,,,,
1119,2018-01-30,,,,0.3,,,,,,
1120,2018-01-31,,,,4.2,,,,,,
1121,2018-02-01,,,,1.8,,,,,,
1122,2018-02-02,,,,0.3,,,,,,
1123,2018-02-03,,,,0.5,,,,,,
1124,2018-02-04,,,,0.0,,,,,,
1125,2018-02-05,,,,0.0,,,,,,
1126,2018-02-06,,,,0.0,,,,,,
1127,2018-02-07,,,,0.0,,,,,,
1128,2018-02-08,,,,0.0,,,,,,
1129,2018-02-09,,,,0.0,,,,,,
1130,2018-02-10,,,,0.0,,,,,,
1131,2018-02-11,,,,0.0,,,,,,
1132,2018-02-12,,,,1.1,,,,,,
1133,2018-02-13,,,,0.0,,,,,,
1134,2018-02-14,,,,0.0,,,,,,
1135,2018-02-15,,,,0.7,,,,,,
1136,2018-02-16,,,,2.5,,,,,,
1137,2018-02-17,,,,0.0,,,,,,
1138,2018-02-18,,,,0.0,,,,,,
1139,2018-02-19,,,,0.0,,,,,,
1140,2018-02-20,,,,0.1,,,,,,
1141,2018-02-21,,,,0.0,,,,,,
1142,2018-02-22,,,,0.0,,,,,,
1143,2018-02-23,,,,0.0,,,,,,
1144,2018-02-24,,,,0.0,,,,,,
1145,2018-02-25,,,,0.0,,,,,,
1146,2018-02-26,,,,0.0,,,,,,
1147,2018-02-27,,,,0.0,,,,,,
1148,2018-02-28,,,,0.0,,,,,,
1149,2018-03-01,,,,0.0,,,,,,
1150,2018-03-02,,,,0.0,,,,,,
1151,2018-03-03,,,,1.4,,,,,,
1152,2018-03-04,,,,0.7,,,,,,
1153,2018-03-05,,,,0.0,,,,,,
1154,2018-03-06,,,,3.6,,,,,,
1155,2018-03-07,,,,1.0,,,,,,
1156,2018-03-08,,,,0.0,,,,,,
1157,2018-03-09,,,,1.0,,,,,,
1158,2018-03-10,,,,0.6,,,,,,
1159,2018-03-11,,,,0.0,,,,,,
1160,2018-03-12,,,,9.6,,,,,,
1161,2018-03-13,,,,1.2,,,,,,
1162,2018-03-14,,,,3.1,,,,,,
1163,2018-03-15,,,,0.0,,,,,,
1164,2018-03-16,,,,2.8,,,,,,
1165,2018-03-17,,,,1.8,,,,,,
1166,2018-03-18,,,,0.7,,,,,,
1167,2018-03-19,,,,0.0,,,,,,
1168,2018-03-20,,,,0.6,,,,,,
1169,2018-03-21,,,,0.1,,,,,,
1170,2018-03-22,,,,0.3,,,,,,
1171,2018-03-23,,,,0.3,,,,,,
1172,2018-03-24,,,,0.0,,,,,,
1173,2018-03-26,,,,0.0,,,,,,
1174,2018-03-27,,,,0.0,,,,,,
1175,2018-03-28,,,,2.5,,,,,,
1176,2018-03-29,,,,0.6,,,,,,
1177,2018-03-30,,,,0.0,,,,,,
1178,2018-03-31,,,,0.2,,,,,,
1179,2018-04-01,,,,3.4,,,,,,
1180,2018-04-02,,,,0.8,,,,,,
1181,2018-04-03,,,,0.0,,,,,,
1182,2018-04-04,,,,1.0,,,,,,
1183,2018-04-05,,,,1.2,,,,,,
1184,2018-04-06,,,,0.0,,,,,,
1185,2018-04-07,,,,0.0,,,,,,
1186,2018-04-08,,,,0.0,,,,,,
1187,2018-04-09,,,,0.0,,,,,,
1188,2018-04-10,,,,0.1,,,,,,
1189,2018-04-11,,,,18.9,,,,,,
1190,2018-04-12,,,,0.0,,,,,,
1191,2018-04-13,,,,0.0,,,,,,
1192,2018-04-14,,,,0.0,,,,,,
1193,2018-04-15,,,,0.0,,,,,,
1194,2018-04-16,,,,2.5,,,,,,
1195,2018-04-17,,,,0.0,,,,,,
1196,2018-04-18,,,,0.0,,,,,,
1197,2018-04-19,,,,0.0,,,,,,
1198,2018-04-20,,,,0.0,,,,,,
1199,2018-04-21,,,,0.0,,,,,,
1200,2018-04-22,,,,0.0,,,,,,
1201,2018-04-23,,,,6.6,,,,,,
1202,2018-04-24,,,,0.0,,,,,,
1203,2018-04-25,,,,0.0,,,,,,
1204,2018-04-26,,,,0.3,,,,,,
1205,2018-04-27,,,,0.0,,,,,,
1206,2018-04-28,,,,0.0,,,,,,
1207,2018-04-29,,,,0.0,,,,,,
1208,2018-04-30,,,,0.0,,,,,,
1209,2018-05-01,,,,0.0,,,,,,
1210,2018-05-02,,,,0.0,,,,,,
1211,2018-05-03,,,,0.0,,,,,,
1212,2018-05-04,,,,0.0,,,,,,
1213,2018-05-05,,,,0.0,,,,,,
1214,2018-05-06,,,,0.0,,,,,,
1215,2018-05-07,,,,0.0,,,,,,
1216,2018-05-08,,,,0.0,,,,,,
1217,2018-05-09,,,,0.0,,,,,,
1218,2018-05-10,,,,5.5,,,,,,
1219,2018-05-11,,,,0.8,,,,,,
1220,2018-05-12,,,,3.0,,,,,,
1221,2018-05-13,,,,0.0,,,,,,
1222,2018-05-14,,,,0.0,,,,,,
1223,2018-05-15,,,,6.5,,,,,,
1224,2018-05-16,,,,2.8,,,,,,
1225,2018-05-17,,,,0.1,,,,,,
1226,2018-05-18,,,,0.0,,,,,,
1227,2018-05-19,,,,7.9,,,,,,
1228,2018-05-20,,,,0.0,,,,,,
1229,2018-05-21,,,,0.0,,,,,,
1230,2018-05-22,,,,0.0,,,,,,
1231,2018-05-23,,,,10.9,,,,,,
1232,2018-05-24,,,,8.6,,,,,,
1233,2018-05-25,,,,0.0,,,,,,
1234,2018-05-26,,,,0.0,,,,,,
1235,2018-05-27,,,,0.0,,,,,,
1236,2018-05-28,,,,0.1,,,,,,
1237,2018-05-29,,,,0.1,,,,,,
1238,2018-05-30,,,,2.8,,,,,,
1239,2018-05-31,,,,74.8,,,,,,
1240,2018-06-01,,,,1.2,,,,,,
1241,2018-06-02,,,,0.0,,,,,,
1242,2018-06-03,,,,0.0,,,,,,
1243,2018-06-04,,,,0.0,,,,,,
1244,2018-06-05,,,,0.0,,,,,,
1245,2018-06-06,,,,0.0,,,,,,
1246,2018-06-07,,,,0.0,,,,,,
1247,2018-06-08,,,,0.0,,,,,,
1248,2018-06-09,,,,4.3,,,,,,
1249,2018-06-10,,,,0.5,,,,,,
1250,2018-06-11,,,,6.8,,,,,,
1251,2018-06-12,,,,11.6,,,,,,
1252,2018-06-13,,,,0.1,,,,,,
1253,2018-06-14,,,,0.0,,,,,,
1254,2018-06-15,,,,0.0,,,,,,
1255,2018-06-16,,,,0.0,,,,,,
1256,2018-06-17,,,,0.3,,,,,,
1257,2018-06-18,,,,0.0,,,,,,
1258,2018-06-19,,,,0.0,,,,,,
1259,2018-06-20,,,,0.0,,,,,,
1260,2018-06-21,,,,0.0,,,,,,
1261,2018-06-22,,,,8.2,,,,,,
1262,2018-06-23,,,,0.2,,,,,,
1263,2018-06-24,,,,0.1,,,,,,
1264,2018-06-25,,,,0.0,,,,,,
1265,2018-06-26,,,,0.0,,,,,,
1266,2018-06-27,,,,1.4,,,,,,
1267,2018-06-28,,,,1.1,,,,,,
1268,2018-06-29,,,,0.9,,,,,,
1269,2018-06-30,,,,0.0,,,,,,
1270,2018-07-01,,,,0.0,,,,,,
1271,2018-07-02,,,,0.0,,,,,,
1272,2018-07-03,,,,0.0,,,,,,
1273,2018-07-04,,,,0.0,,,,,,
1274,2018-07-05,,,,2.8,,,,,,
1275,2018-07-06,,,,0.0,,,,,,
1276,2018-07-07,,,,0.0,,,,,,
1277,2018-07-08,,,,0.0,,,,,,
1278,2018-07-09,,,,0.0,,,,,,
1279,2018-07-10,,,,2.1,,,,,,
1280,2018-07-11,,,,10.7,,,,,,
1281,2018-07-12,,,,0.0,,,,,,
1282,2018-07-13,,,,0.9,,,,,,
1283,2018-07-14,,,,0.0,,,,,,
1284,2018-07-15,,,,9.0,,,,,,
1285,2018-07-16,,,,0.0,,,,,,
1286,2018-07-17,,,,3.9,,,,,,
1287,2018-07-18,,,,0.0,,,,,,
1288,2018-07-19,,,,0.0,,,,,,
1289,2018-07-20,,,,0.0,,,,,,
1290,2018-07-21,,,,4.6,,,,,,
1291,2018-07-22,,,,4.7,,,,,,
1292,2018-07-23,,,,0.0,,,,,,
1293,2018-07-24,,,,0.0,,,,,,
1294,2018-07-25,,,,0.0,,,,,,
1295,2018-07-26,,,,0.0,,,,,,
1296,2018-07-27,,,,0.1,,,,,,
1297,2018-07-28,,,,1.1,,,,,,
1298,2018-07-29,,,,0.0,,,,,,
1299,2018-07-30,,,,0.0,,,,,,
1300,2018-07-31,,,,0.0,,,,,,
1301,2018-08-01,,,,0.0,,,,,,
1302,2018-08-02,,,,0.0,,,,,,
1303,2018-08-03,,,,0.0,,,,,,
1304,2018-08-04,,,,5.3,,,,,,
1305,2018-08-05,,,,0.7,,,,,,
1306,2018-08-06,,,,0.0,,,,,,
1307,2018-08-07,,,,0.0,,,,,,
1308,2018-08-08,,,,0.0,,,,,,
1309,2018-08-09,,,,0.0,,,,,,
1310,2018-08-10,,,,0.1,,,,,,
1311,2018-08-11,,,,0.0,,,,,,
1312,2018-08-12,,,,0.0,,,,,,
1313,2018-08-13,,,,0.3,,,,,,
1314,2018-08-14,,,,3.1,,,,,,
1315,2018-08-15,,,,0.0,,,,,,
1316,2018-08-16,,,,0.0,,,,,,
1317,2018-08-17,,,,0.0,,,,,,
1318,2018-08-18,,,,0.0,,,,,,
1319,2018-08-19,,,,0.0,,,,,,
1320,2018-08-20,,,,0.0,,,,,,
1321,2018-08-21,,,,0.0,,,,,,
1322,2018-08-22,,,,0.0,,,,,,
1323,2018-08-23,,,,0.4,,,,,,
1324,2018-08-24,,,,0.2,,,,,,
1325,2018-08-25,,,,0.3,,,,,,
1326,2018-08-26,,,,0.0,,,,,,
1327,2018-08-27,,,,0.0,,,,,,
1328,2018-08-28,,,,0.0,,,,,,
1329,2018-08-29,,,,0.0,,,,,,
1330,2018-08-30,,,,15.3,,,,,,
1331,2018-08-31,,,,0.1,,,,,,
1332,2018-09-01,,,,0.0,,,,,,
1333,2018-09-02,,,,2.6,,,,,,
1334,2018-09-03,,,,10.4,,,,,,
1335,2018-09-04,,,,0.0,,,,,,
1336,2018-09-05,,,,0.0,,,,,,
1337,2018-09-06,,,,0.0,,,,,,
1338,2018-09-07,,,,7.9,,,,,,
1339,2018-09-08,,,,0.0,,,,,,
1340,2018-09-09,,,,0.0,,,,,,
1341,2018-09-10,,,,0.0,,,,,,
1342,2018-09-11,,,,0.0,,,,,,
1343,2018-09-12,,,,0.0,,,,,,
1344,2018-09-13,,,,2.2,,,,,,
1345,2018-09-14,,,,2.7,,,,,,
1346,2018-09-15,,,,0.0,,,,,,
1347,2018-09-16,,,,0.0,,,,,,
1348,2018-09-17,,,,0.0,,,,,,
1349,2018-09-18,,,,0.0,,,,,,
1350,2018-09-19,,,,2.2,,,,,,
1351,2018-09-20,,,,0.0,,,,,,
1352,2018-09-21,,,,2.1,,,,,,
1353,2018-09-22,,,,0.0,,,,,,
1354,2018-09-23,,,,26.3,,,,,,
1355,2018-09-24,,,,0.4,,,,,,
1356,2018-09-25,,,,0.0,,,,,,
1357,2018-09-26,,,,0.0,,,,,,
1358,2018-09-27,,,,0.0,,,,,,
1359,2018-09-28,,,,0.0,,,,,,
1360,2018-09-29,,,,0.0,,,,,,
1361,2018-09-30,,,,0.0,,,,,,
1362,2018-10-01,,,,0.4,,,,,,
1363,2018-10-02,,,,0.1,,,,,,
1364,2018-10-03,,,,0.0,,,,,,
1365,2018-10-04,,,,0.0,,,,,,
1366,2018-10-05,,,,0.0,,,,,,
1367,2018-10-06,,,,0.0,,,,,,
1368,2018-10-07,,,,0.0,,,,,,
1369,2018-10-08,,,,0.0,,,,,,
1370,2018-10-09,,,,0.0,,,,,,
1371,2018-10-10,,,,0.0,,,,,,
1372,2018-10-11,,,,0.0,,,,,,
1373,2018-10-12,,,,0.0,,,,,,
1374,2018-10-13,,,,0.0,,,,,,
1375,2018-10-14,,,,0.0,,,,,,
1376,2018-10-15,,,,0.0,,,,,,
1377,2018-10-16,,,,0.0,,,,,,
1378,2018-10-17,,,,0.0,,,,,,
1379,2018-10-18,,,,0.0,,,,,,
1380,2018-10-19,,,,0.0,,,,,,
1381,2018-10-20,,,,0.0,,,,,,
1382,2018-10-21,,,,0.0,,,,,,
1383,2018-10-22,,,,0.7,,,,,,
1384,2018-10-23,,,,0.3,,,,,,
1385,2018-10-24,,,,7.7,,,,,,
1386,2018-10-25,,,,0.1,,,,,,
1387,2018-10-26,,,,0.0,,,,,,
1388,2018-10-27,,,,0.0,,,,,,
1389,2018-10-28,,,,10.0,,,,,,
1390,2018-10-29,,,,0.0,,,,,,
1391,2018-10-30,,,,0.6,,,,,,
1392,2018-10-31,,,,0.0,,,,,,
1393,2018-11-01,,,,0.0,,,,,,
1394,2018-11-02,,,,0.0,,,,,,
1395,2018-11-03,,,,0.0,,,,,,
1396,2018-11-04,,,,0.0,,,,,,
1397,2018-11-05,,,,0.0,,,,,,
1398,2018-11-06,,,,0.0,,,,,,
1399,2018-11-07,,,,0.0,,,,,,
1400,2018-11-08,,,,0.0,,,,,,
1401,2018-11-09,,,,0.0,,,,,,
1402,2018-11-10,,,,0.0,,,,,,
1403,2018-11-11,,,,0.1,,,,,,
1404,2018-11-12,,,,0.0,,,,,,
1405,2018-11-13,,,,1.4,,,,,,
1406,2018-11-14,,,,0.0,,,,,,
1407,2018-11-15,,,,0.0,,,,,,
1408,2018-11-16,,,,0.0,,,,,,
1409,2018-11-17,,,,0.0,,,,,,
1410,2018-11-18,,,,0.0,,,,,,
1411,2018-11-19,,,,0.4,,,,,,
1412,2018-11-20,,,,0.2,,,,,,
1413,2018-11-21,,,,0.0,,,,,,
1414,2018-11-22,,,,0.1,,,,,,
1415,2018-11-23,,,,0.0,,,,,,
1416,2018-11-24,,,,1.8,,,,,,
1417,2018-11-25,,,,0.0,,,,,,
1418,2018-11-26,,,,0.0,,,,,,
1419,2018-11-27,,,,0.0,,,,,,
1420,2018-11-28,,,,0.0,,,,,,
1421,2018-11-29,,,,0.0,,,,,,
1422,2018-11-30,,,,10.5,,,,,,
1423,2018-12-01,,,,0.2,,,,,,
1424,2018-12-02,,,,5.1,,,,,,
1425,2018-12-03,,,,10.8,,,,,,
1426,2018-12-04,,,,4.5,,,,,,
1427,2018-12-05,,,,0.0,,,,,,
1428,2018-12-06,,,,0.3,,,,,,
1429,2018-12-07,,,,1.1,,,,,,
1430,2018-12-08,,,,2.0,,,,,,
1431,2018-12-09,,,,5.1,,,,,,
1432,2018-12-10,,,,0.6,,,,,,
1433,2018-12-11,,,,1.7,,,,,,
1434,2018-12-12,,,,2.2,,,,,,
1435,2018-12-13,,,,0.0,,,,,,
1436,2018-12-14,,,,0.0,,,,,,
1437,2018-12-15,,,,0.2,,,,,,
1438,2018-12-16,,,,0.2,,,,,,
1439,2018-12-17,,,,0.1,,,,,,
1440,2018-12-18,,,,0.4,,,,,,
1441,2018-12-19,,,,1.3,,,,,,
1442,2018-12-20,,,,5.1,,,,,,
1443,2018-12-21,,,,6.9,,,,,,
1444,2018-12-22,,,,4.9,,,,,,
1445,2018-12-23,,,,5.8,,,,,,
1446,2018-12-24,,,,10.8,,,,,,
1447,2018-12-25,,,,0.1,,,,,,
1448,2018-12-26,,,,0.1,,,,,,
1449,2018-12-27,,,,0.0,,,,,,
1450,2018-12-28,,,,0.0,,,,,,
1451,2018-12-29,,,,1.8,,,,,,
1452,2018-12-30,,,,1.3,,,,,,
1453,2018-12-31,,,,0.3,,,,,,
1454,2019-01-01,,,,3.3,,,,,,
1455,2019-01-02,,,,4.5,,,,,,
1456,2019-01-03,,,,0.2,,,,,,
1457,2019-01-04,,,,1.5,,,,,,
1458,2019-01-05,,,,12.3,,,,,,
1459,2019-01-06,,,,2.6,,,,,,
1460,2019-01-07,,,,4.5,,,,,,
1461,2019-01-08,,,,5.4,,,,,,
1462,2019-01-09,,,,6.9,,,,,,
1463,2019-01-10,,,,0.1,,,,,,
1464,2019-01-11,,,,1.3,,,,,,
1465,2019-01-12,,,,0.6,,,,,,
1466,2019-01-13,,,,7.0,,,,,,
1467,2019-01-14,,,,2.9,,,,,,
1468,2019-01-15,,,,0.4,,,,,,
1469,2019-01-16,,,,0.5,,,,,,
1470,2019-01-17,,,,3.6,,,,,,
1471,2019-01-18,,,,3.5,,,,,,
1472,2019-01-19,,,,0.1,,,,,,
1473,2019-01-20,,,,0.0,,,,,,
1474,2019-01-21,,,,0.0,,,,,,
1475,2019-01-22,,,,0.0,,,,,,
1476,2019-01-23,,,,0.0,,,,,,
1477,2019-01-24,,,,0.1,,,,,,
1478,2019-01-25,,,,0.0,,,,,,
1479,2019-01-26,,,,1.8,,,,,,
1480,2019-01-27,,,,1.3,,,,,,
1481,2019-01-28,,,,0.5,,,,,,
1482,2019-01-29,,,,2.0,,,,,,
1483,2019-01-30,,,,0.0,,,,,,
1484,2019-01-31,,,,0.0,,,,,,
1485,2019-02-01,,,,1.2,,,,,,
1486,2019-02-02,,,,0.9,,,,,,
1487,2019-02-03,,,,9.3,,,,,,
1488,2019-02-04,,,,0.0,,,,,,
1489,2019-02-05,,,,0.0,,,,,,
1490,2019-02-06,,,,0.0,,,,,,
1491,2019-02-07,,,,0.4,,,,,,
1492,2019-02-08,,,,0.0,,,,,,
1493,2019-02-09,,,,0.5,,,,,,
1494,2019-02-10,,,,4.0,,,,,,
1495,2019-02-11,,,,4.6,,,,,,
1496,2019-02-12,,,,0.8,,,,,,
1497,2019-02-13,,,,0.0,,,,,,
1498,2019-02-14,,,,0.0,,,,,,
1499,2019-02-15,,,,0.0,,,,,,
1500,2019-02-16,,,,0.0,,,,,,
1501,2019-02-17,,,,0.0,,,,,,
1502,2019-02-18,,,,0.0,,,,,,
1503,2019-02-19,,,,0.0,,,,,,
1504,2019-02-20,,,,0.0,,,,,,
1505,2019-02-21,,,,0.0,,,,,,
1506,2019-02-22,,,,3.5,,,,,,
1507,2019-02-23,,,,0.0,,,,,,
1508,2019-02-24,,,,0.0,,,,,,
1509,2019-02-25,,,,0.0,,,,,,
1510,2019-02-26,,,,0.0,,,,,,
1511,2019-02-27,,,,0.0,,,,,,
1512,2019-02-28,,,,0.5,,,,,,
1513,2019-03-01,,,,2.8,,,,,,
1514,2019-03-02,,,,1.0,,,,,,
1515,2019-03-03,,,,0.1,,,,,,
1516,2019-03-04,,,,1.7,,,,,,
1517,2019-03-05,,,,1.4,,,,,,
1518,2019-03-06,,,,0.0,,,,,,
1519,2019-03-07,,,,0.5,,,,,,
1520,2019-03-08,,,,1.9,,,,,,
1521,2019-03-09,,,,4.2,,,,,,
1522,2019-03-10,,,,9.1,,,,,,
1523,2019-03-11,,,,2.0,,,,,,
1524,2019-03-12,,,,0.6,,,,,,
1525,2019-03-13,,,,0.9,,,,,,
1526,2019-03-14,,,,4.3,,,,,,
1527,2019-03-15,,,,2.9,,,,,,
1528,2019-03-16,,,,11.7,,,,,,
1529,2019-03-17,,,,0.9,,,,,,
1530,2019-03-18,,,,0.5,,,,,,
1531,2019-03-19,,,,0.0,,,,,,
1532,2019-03-20,,,,0.0,,,,,,
1533,2019-03-21,,,,0.0,,,,,,
1534,2019-03-22,,,,0.0,,,,,,
1535,2019-03-23,,,,0.0,,,,,,
1536,2019-03-24,,,,0.0,,,,,,
1537,2019-03-25,,,,3.8,,,,,,
1538,2019-03-26,,,,0.2,,,,,,
1539,2019-03-27,,,,1.1,,,,,,
1540,2019-03-28,,,,0.2,,,,,,
1541,2019-03-29,,,,0.0,,,,,,
1542,2019-03-30,,,,0.0,,,,,,
1543,2019-04-01,,,,0.0,,,,,,
1544,2019-04-02,,,,0.0,,,,,,
1545,2019-04-03,,,,0.0,,,,,,
1546,2019-04-04,,,,0.0,,,,,,
1547,2019-04-05,,,,0.0,,,,,,
1548,2019-04-06,,,,0.0,,,,,,
1549,2019-04-07,,,,0.0,,,,,,
1550,2019-04-08,,,,0.1,,,,,,
1551,2019-04-09,,,,0.0,,,,,,
1552,2019-04-10,,,,0.0,,,,,,
1553,2019-04-11,,,,0.0,,,,,,
1554,2019-04-12,,,,0.0,,,,,,
1555,2019-04-13,,,,0.0,,,,,,
1556,2019-04-14,,,,0.1,,,,,,
1557,2019-04-15,,,,0.0,,,,,,
1558,2019-04-16,,,,0.0,,,,,,
1559,2019-04-17,,,,0.0,,,,,,
1560,2019-04-18,,,,0.0,,,,,,
1561,2019-04-19,,,,0.0,,,,,,
1562,2019-04-20,,,,0.0,,,,,,
1563,2019-04-21,,,,0.0,,,,,,
1564,2019-04-22,,,,0.0,,,,,,
1565,2019-04-23,,,,0.0,,,,,,
1566,2019-04-24,,,,0.0,,,,,,
1567,2019-04-25,,,,0.0,,,,,,
1568,2019-04-26,,,,7.3,,,,,,
1569,2019-04-27,,,,4.0,,,,,,
1570,2019-04-28,,,,3.2,,,,,,
1571,2019-04-29,,,,14.8,,,,,,
1572,2019-04-30,,,,1.7,,,,,,
1573,2019-05-01,,,,0.5,,,,,,
1574,2019-05-02,,,,0.0,,,,,,
1575,2019-05-03,,,,0.9,,,,,,
1576,2019-05-04,,,,4.4,,,,,,
1577,2019-05-05,,,,0.0,,,,,,
1578,2019-05-06,,,,0.0,,,,,,
1579,2019-05-07,,,,0.0,,,,,,
1580,2019-05-08,,,,0.1,,,,,,
1581,2019-05-09,,,,1.9,,,,,,
1582,2019-05-10,,,,1.0,,,,,,
1583,2019-05-11,,,,5.5,,,,,,
1584,2019-05-12,,,,0.0,,,,,,
1585,2019-05-13,,,,0.0,,,,,,
1586,2019-05-14,,,,0.1,,,,,,
1587,2019-05-15,,,,0.3,,,,,,
1588,2019-05-16,,,,3.7,,,,,,
1589,2019-05-17,,,,0.0,,,,,,
1590,2019-05-18,,,,0.0,,,,,,
1591,2019-05-19,,,,0.0,,,,,,
1592,2019-05-20,,,,4.4,,,,,,
1593,2019-05-21,,,,8.5,,,,,,
1594,2019-05-22,,,,1.8,,,,,,
1595,2019-05-23,,,,0.0,,,,,,
1596,2019-05-24,,,,0.0,,,,,,
1597,2019-05-25,,,,4.7,,,,,,
1598,2019-05-26,,,,0.0,,,,,,
1599,2019-05-27,,,,0.0,,,,,,
1600,2019-05-28,,,,2.2,,,,,,
1601,2019-05-29,,,,0.6,,,,,,
1602,2019-05-30,,,,0.0,,,,,,
1603,2019-05-31,,,,0.1,,,,,,
1604,2019-06-01,,,,0.0,,,,,,
1605,2019-06-02,,,,0.0,,,,,,
1606,2019-06-03,,,,0.0,,,,,,
1607,2019-06-04,,,,0.0,,,,,,
1608,2019-06-05,,,,0.0,,,,,,
1609,2019-06-06,,,,0.0,,,,,,
1610,2019-06-07,,,,1.6,,,,,,
1611,2019-06-08,,,,0.0,,,,,,
1612,2019-06-09,,,,0.0,,,,,,
1613,2019-06-10,,,,0.1,,,,,,
1614,2019-06-11,,,,0.2,,,,,,
1615,2019-06-12,,,,0.1,,,,,,
1616,2019-06-13,,,,0.1,,,,,,
1617,2019-06-14,,,,0.0,,,,,,
1618,2019-06-15,,,,0.0,,,,,,
1619,2019-06-16,,,,7.4,,,,,,
1620,2019-06-17,,,,0.0,,,,,,
1621,2019-06-18,,,,0.0,,,,,,
1622,2019-06-19,,,,0.0,,,,,,
1623,2019-06-20,,,,0.5,,,,,,
1624,2019-06-21,,,,0.0,,,,,,
1625,2019-06-22,,,,0.1,,,,,,
1626,2019-06-23,,,,0.4,,,,,,
1627,2019-06-24,,,,0.0,,,,,,
1628,2019-06-25,,,,0.0,,,,,,
1629,2019-06-26,,,,0.0,,,,,,
1630,2019-06-27,,,,0.0,,,,,,
1631,2019-06-28,,,,0.0,,,,,,
1632,2019-06-29,,,,0.0,,,,,,
1633,2019-06-30,,,,0.0,,,,,,
1634,2019-07-01,,,,0.0,,,,,,
1635,2019-07-02,,,,0.0,,,,,,
1636,2019-07-03,,,,0.0,,,,,,
1637,2019-07-04,,,,0.0,,,,,,
1638,2019-07-05,,,,0.0,,,,,,
1639,2019-07-06,,,,0.0,,,,,,
1640,2019-07-07,,,,0.0,,,,,,
1641,2019-07-08,,,,0.0,,,,,,
1642,2019-07-09,,,,0.0,,,,,,
1643,2019-07-10,,,,0.0,,,,,,
1644,2019-07-11,,,,0.5,,,,,,
1645,2019-07-12,,,,18.9,,,,,,
1646,2019-07-13,,,,6.2,,,,,,
1647,2019-07-14,,,,0.0,,,,,,
1648,2019-07-15,,,,0.0,,,,,,
1649,2019-07-16,,,,0.0,,,,,,
1650,2019-07-17,,,,0.0,,,,,,
1651,2019-07-18,,,,0.0,,,,,,
1652,2019-07-19,,,,2.2,,,,,,
1653,2019-07-20,,,,0.0,,,,,,
1654,2019-07-21,,,,3.3,,,,,,
1655,2019-07-22,,,,0.0,,,,,,
1656,2019-07-23,,,,0.0,,,,,,
1657,2019-07-24,,,,0.0,,,,,,
1658,2019-07-25,,,,0.0,,,,,,
1659,2019-07-26,,,,0.0,,,,,,
1660,2019-07-27,,,,0.0,,,,,,
1661,2019-07-28,,,,0.0,,,,,,
1662,2019-07-29,,,,0.7,,,,,,
1663,2019-07-30,,,,0.0,,,,,,
1664,2019-07-31,,,,8.1,,,,,,
1665,2019-08-01,,,,0.0,,,,,,
1666,2019-08-02,,,,0.0,,,,,,
1667,2019-08-03,,,,0.0,,,,,,
1668,2019-08-04,,,,0.0,,,,,,
1669,2019-08-05,,,,0.0,,,,,,
1670,2019-08-06,,,,0.0,,,,,,
1671,2019-08-07,,,,19.7,,,,,,
1672,2019-08-08,,,,0.0,,,,,,
1673,2019-08-09,,,,0.0,,,,,,
1674,2019-08-10,,,,2.6,,,,,,
1675,2019-08-11,,,,4.5,,,,,,
1676,2019-08-12,,,,6.0,,,,,,
1677,2019-08-13,,,,0.0,,,,,,
1678,2019-08-14,,,,0.0,,,,,,
1679,2019-08-15,,,,1.4,,,,,,
1680,2019-08-16,,,,0.8,,,,,,
1681,2019-08-17,,,,0.0,,,,,,
1682,2019-08-18,,,,1.0,,,,,,
1683,2019-08-19,,,,3.5,,,,,,
1684,2019-08-20,,,,5.5,,,,,,
1685,2019-08-21,,,,1.5,,,,,,
1686,2019-08-22,,,,0.0,,,,,,
1687,2019-08-23,,,,0.0,,,,,,
1688,2019-08-24,,,,0.0,,,,,,
1689,2019-08-25,,,,0.0,,,,,,
1690,2019-08-26,,,,0.0,,,,,,
1691,2019-08-27,,,,0.0,,,,,,
1692,2019-08-28,,,,0.0,,,,,,
1693,2019-08-29,,,,0.3,,,,,,
1694,2019-08-30,,,,0.0,,,,,,
1695,2019-08-31,,,,0.0,,,,,,
1696,2019-09-01,,,,0.0,,,,,,
1697,2019-09-02,,,,0.0,,,,,,
1698,2019-09-03,,,,0.0,,,,,,
1699,2019-09-04,,,,0.0,,,,,,
1700,2019-09-05,,,,0.1,,,,,,
1701,2019-09-06,,,,0.0,,,,,,
1702,2019-09-07,,,,5.0,,,,,,
1703,2019-09-08,,,,5.9,,,,,,
1704,2019-09-09,,,,51.7,,,,,,
1705,2019-09-10,,,,0.0,,,,,,
1706,2019-09-11,,,,0.0,,,,,,
1707,2019-09-12,,,,0.0,,,,,,
1708,2019-09-13,,,,0.0,,,,,,
1709,2019-09-14,,,,0.0,,,,,,
1710,2019-09-15,,,,0.0,,,,,,
1711,2019-09-16,,,,0.0,,,,,,
1712,2019-09-17,,,,0.2,,,,,,
1713,2019-09-18,,,,0.0,,,,,,
1714,2019-09-19,,,,0.0,,,,,,
1715,2019-09-20,,,,0.0,,,,,,
1716,2019-09-21,,,,0.0,,,,,,
1717,2019-09-22,,,,0.0,,,,,,
1718,2019-09-23,,,,1.1,,,,,,
1719,2019-09-24,,,,0.1,,,,,,
1720,2019-09-25,,,,3.2,,,,,,
1721,2019-09-26,,,,2.5,,,,,,
1722,2019-09-27,,,,5.6,,,,,,
1723,2019-09-28,,,,5.1,,,,,,
1724,2019-09-29,,,,0.0,,,,,,
1725,2019-09-30,,,,5.4,,,,,,
1726,2019-10-01,,,,5.4,,,,,,
1727,2019-10-02,,,,3.7,,,,,,
1728,2019-10-03,,,,0.1,,,,,,
1729,2019-10-04,,,,1.2,,,,,,
1730,2019-10-05,,,,5.5,,,,,,
1731,2019-10-06,,,,1.3,,,,,,
1732,2019-10-07,,,,0.9,,,,,,
1733,2019-10-08,,,,2.4,,,,,,
1734,2019-10-09,,,,3.6,,,,,,
1735,2019-10-10,,,,2.2,,,,,,
1736,2019-10-11,,,,0.0,,,,,,
1737,2019-10-12,,,,0.0,,,,,,
1738,2019-10-13,,,,0.0,,,,,,
1739,2019-10-14,,,,0.0,,,,,,
1740,2019-10-15,,,,0.0,,,,,,
1741,2019-10-16,,,,0.7,,,,,,
1742,2019-10-17,,,,0.0,,,,,,
1743,2019-10-18,,,,0.5,,,,,,
1744,2019-10-19,,,,3.7,,,,,,
1745,2019-10-20,,,,0.0,,,,,,
1746,2019-10-21,,,,0.0,,,,,,
1747,2019-10-22,,,,0.0,,,,,,
1748,2019-10-23,,,,0.0,,,,,,
1749,2019-10-24,,,,0.0,,,,,,
1750,2019-10-25,,,,0.0,,,,,,
1751,2019-10-26,,,,0.0,,,,,,
1752,2019-10-27,,,,2.1,,,,,,
1753,2019-10-28,,,,0.4,,,,,,
1754,2019-10-29,,,,0.0,,,,,,
1755,2019-10-30,,,,0.0,,,,,,
1756,2019-10-31,,,,0.0,,,,,,
1757,2019-11-01,,,,1.8,,,,,,
1758,2019-11-02,,,,5.9,,,,,,
1759,2019-11-03,,,,3.1,,,,,,
1760,2019-11-04,,,,5.1,,,,,,
1761,2019-11-05,,,,0.6,,,,,,
1762,2019-11-06,,,,1.5,,,,,,
1763,2019-11-07,,,,0.2,,,,,,
1764,2019-11-08,,,,1.6,,,,,,
1765,2019-11-09,,,,0.6,,,,,,
1766,2019-11-10,,,,0.0,,,,,,
1767,2019-11-11,,,,0.0,,,,,,
1768,2019-11-12,,,,0.3,,,,,,
1769,2019-11-13,,,,0.5,,,,,,
1770,2019-11-14,,,,0.0,,,,,,
1771,2019-11-15,,,,0.0,,,,,,
1772,2019-11-16,,,,2.3,,,,,,
1773,2019-11-17,,,,0.0,,,,,,
1774,2019-11-18,,,,1.2,,,,,,
1775,2019-11-19,,,,1.2,,,,,,
1776,2019-11-20,,,,0.0,,,,,,
1777,2019-11-21,,,,0.9,,,,,,
1778,2019-11-22,,,,0.0,,,,,,
1779,2019-11-23,,,,0.0,,,,,,
1780,2019-11-24,,,,0.0,,,,,,
1781,2019-11-25,,,,0.0,,,,,,
1782,2019-11-26,,,,0.1,,,,,,
1783,2019-11-27,,,,1.6,,,,,,
1784,2019-11-28,,,,3.7,,,,,,
1785,2019-11-29,,,,6.6,,,,,,
1786,2019-11-30,,,,0.5,,,,,,
1787,2019-12-01,,,,0.0,,,,,,
1788,2019-12-02,,,,0.1,,,,,,
1789,2019-12-03,,,,0.0,,,,,,
1790,2019-12-04,,,,0.0,,,,,,
1791,2019-12-05,,,,0.0,,,,,,
1792,2019-12-06,,,,0.0,,,,,,
1793,2019-12-07,,,,2.5,,,,,,
1794,2019-12-08,,,,0.3,,,,,,
1795,2019-12-09,,,,5.8,,,,,,
1796,2019-12-10,,,,0.9,,,,,,
1797,2019-12-11,,,,0.0,,,,,,
1798,2019-12-12,,,,1.1,,,,,,
1799,2019-12-13,,,,3.2,,,,,,
1800,2019-12-14,,,,3.4,,,,,,
1801,2019-12-15,,,,8.8,,,,,,
1802,2019-12-16,,,,0.5,,,,,,
1803,2019-12-17,,,,0.0,,,,,,
1804,2019-12-18,,,,0.3,,,,,,
1805,2019-12-19,,,,0.0,,,,,,
1806,2019-12-20,,,,0.1,,,,,,
1807,2019-12-21,,,,1.7,,,,,,
1808,2019-12-22,,,,0.2,,,,,,
1809,2019-12-23,,,,0.6,,,,,,
1810,2019-12-24,,,,1.8,,,,,,
1811,2019-12-25,,,,5.6,,,,,,
1812,2019-12-26,,,,1.1,,,,,,
1813,2019-12-27,,,,0.0,,,,,,
1814,2019-12-28,,,,0.1,,,,,,
1815,2019-12-29,,,,0.0,,,,,,
1816,2019-12-30,,,,0.0,,,,,,
1817,2019-12-31,,,,0.0,,,,,,
1818,2020-01-01,,,,0.0,,,,,,
1819,2020-01-02,,,,0.0,,,,,,
1820,2020-01-03,,,,0.0,,,,,,
1821,2020-01-04,,,,5.4,,,,,,
1822,2020-01-05,,,,0.0,,,,,,
1823,2020-01-06,,,,0.0,,,,,,
1824,2020-01-07,,,,0.0,,,,,,
1825,2020-01-08,,,,1.8,,,,,,
1826,2020-01-09,,,,1.0,,,,,,
1827,2020-01-10,,,,0.3,,,,,,
1828,2020-01-11,,,,1.7,,,,,,
1829,2020-01-12,,,,0.0,,,,,,
1830,2020-01-13,,,,0.4,,,,,,
1831,2020-01-14,,,,0.0,,,,,,
1832,2020-01-15,,,,0.0,,,,,,
1833,2020-01-16,,,,0.0,,,,,,
1834,2020-01-17,,,,0.0,,,,,,
1835,2020-01-18,,,,0.0,,,,,,
1836,2020-01-19,,,,1.9,,,,,,
1837,2020-01-20,,,,0.2,,,,,,
1838,2020-01-21,,,,0.0,,,,,,
1839,2020-01-22,,,,0.0,,,,,,
1840,2020-01-23,,,,0.0,,,,,,
1841,2020-01-24,,,,0.0,,,,,,
1842,2020-01-25,,,,0.0,,,,,,
1843,2020-01-26,,,,0.0,,,,,,
1844,2020-01-27,,,,0.2,,,,,,
1845,2020-01-28,,,,8.9,,,,,,
1846,2020-01-29,,,,1.4,,,,,,
1847,2020-01-30,,,,0.0,,,,,,
1848,2020-01-31,,,,0.3,,,,,,
1849,2020-02-01,,,,3.5,,,,,,
1850,2020-02-02,,,,1.8,,,,,,
1851,2020-02-03,,,,4.2,,,,,,
1852,2020-02-04,,,,18.8,,,,,,
1853,2020-02-05,,,,0.9,,,,,,
1854,2020-02-06,,,,0.0,,,,,,
1855,2020-02-07,,,,0.0,,,,,,
1856,2020-02-08,,,,0.0,,,,,,
1857,2020-02-09,,,,0.0,,,,,,
1858,2020-02-10,,,,14.9,,,,,,
1859,2020-02-11,,,,1.2,,,,,,
1860,2020-02-12,,,,1.1,,,,,,
1861,2020-02-13,,,,2.9,,,,,,
1862,2020-02-14,,,,5.4,,,,,,
1863,2020-02-15,,,,0.0,,,,,,
1864,2020-02-16,,,,0.1,,,,,,
1865,2020-02-17,,,,1.0,,,,,,
1866,2020-02-18,,,,2.0,,,,,,
1867,2020-02-19,,,,1.5,,,,,,
1868,2020-02-20,,,,0.0,,,,,,
1869,2020-02-21,,,,4.1,,,,,,
1870,2020-02-22,,,,0.0,,,,,,
1871,2020-02-23,,,,3.7,,,,,,
1872,2020-02-24,,,,1.3,,,,,,
1873,2020-02-25,,,,1.7,,,,,,
1874,2020-02-26,,,,1.4,,,,,,
1875,2020-02-27,,,,4.1,,,,,,
1876,2020-02-28,,,,1.1,,,,,,
1877,2020-02-29,,,,5.1,,,,,,
1878,2020-03-01,,,,1.6,,,,,,
1879,2020-03-02,,,,0.6,,,,,,
1880,2020-03-03,,,,4.7,,,,,,
1881,2020-03-04,,,,0.0,,,,,,
1882,2020-03-05,,,,1.7,,,,,,
1883,2020-03-06,,,,2.9,,,,,,
1884,2020-03-07,,,,1.8,,,,,,
1885,2020-03-08,,,,0.0,,,,,,
1886,2020-03-09,,,,0.6,,,,,,
1887,2020-03-10,,,,5.8,,,,,,
1888,2020-03-11,,,,1.8,,,,,,
1889,2020-03-12,,,,0.1,,,,,,
1890,2020-03-13,,,,0.0,,,,,,
1891,2020-03-14,,,,0.0,,,,,,
1892,2020-03-15,,,,0.0,,,,,,
1893,2020-03-16,,,,0.0,,,,,,
1894,2020-03-17,,,,0.2,,,,,,
1895,2020-03-18,,,,0.0,,,,,,
1896,2020-03-19,,,,0.0,,,,,,
1897,2020-03-20,,,,0.7,,,,,,
1898,2020-03-21,,,,2.2,,,,,,
1899,2020-03-22,,,,0.0,,,,,,
1900,2020-03-23,,,,0.0,,,,,,
1901,2020-03-24,,,,0.0,,,,,,
1902,2020-03-25,,,,0.0,,,,,,
1903,2020-03-26,,,,0.0,,,,,,
1904,2020-03-27,,,,0.0,,,,,,
1905,2020-03-28,,,,0.0,,,,,,
1906,2020-03-30,,,,0.0,,,,,,
1907,2020-03-31,,,,0.1,,,,,,
1908,2020-04-01,,,,0.0,,,,,,
1909,2020-04-02,,,,0.0,,,,,,
1910,2020-04-03,,,,0.2,,,,,,
1911,2020-04-04,,,,0.0,,,,,,
1912,2020-04-05,,,,0.0,,,,,,
1913,2020-04-06,,,,0.0,,,,,,
1914,2020-04-07,,,,0.0,,,,,,
1915,2020-04-08,,,,0.0,,,,,,
1916,2020-04-09,,,,0.0,,,,,,
1917,2020-04-10,,,,0.0,,,,,,
1918,2020-04-11,,,,0.0,,,,,,
1919,2020-04-12,,,,0.0,,,,,,
1920,2020-04-13,,,,0.1,,,,,,
1921,2020-04-14,,,,0.0,,,,,,
1922,2020-04-15,,,,0.0,,,,,,
1923,2020-04-16,,,,0.0,,,,,,
1924,2020-04-17,,,,0.0,,,,,,
1925,2020-04-18,,,,0.0,,,,,,
1926,2020-04-19,,,,4.7,,,,,,
1927,2020-04-20,,,,0.0,,,,,,
1928,2020-04-21,,,,0.0,,,,,,
1929,2020-04-22,,,,0.0,,,,,,
1930,2020-04-23,,,,0.0,,,,,,
1931,2020-04-24,,,,0.0,,,,,,
1932,2020-04-25,,,,0.0,,,,,,
1933,2020-04-26,,,,0.0,,,,,,
1934,2020-04-27,,,,0.0,,,,,,
1935,2020-04-28,,,,0.0,,,,,,
1936,2020-04-29,,,,0.0,,,,,,
1937,2020-04-30,,,,0.1,,,,,,
1938,2020-05-02,,,,0.1,,,,,,
1939,2020-05-03,,,,0.0,,,,,,
1940,2020-05-04,,,,0.3,,,,,,
1941,2020-05-05,,,,0.0,,,,,,
1942,2020-05-06,,,,0.0,,,,,,
1943,2020-05-07,,,,0.0,,,,,,
1944,2020-05-08,,,,0.0,,,,,,
1945,2020-05-09,,,,0.0,,,,,,
1946,2020-05-10,,,,0.1,,,,,,
1947,2020-05-11,,,,17.0,,,,,,
1948,2020-05-12,,,,0.0,,,,,,
1949,2020-05-13,,,,0.7,,,,,,
1950,2020-05-14,,,,0.3,,,,,,
1951,2020-05-15,,,,0.0,,,,,,
1952,2020-05-16,,,,0.0,,,,,,
1953,2020-05-17,,,,0.0,,,,,,
1954,2020-05-18,,,,0.0,,,,,,
1955,2020-05-19,,,,0.0,,,,,,
1956,2020-05-20,,,,0.0,,,,,,
1957,2020-05-21,,,,0.0,,,,,,
1958,2020-05-22,,,,0.3,,,,,,
1959,2020-05-23,,,,11.9,,,,,,
1960,2020-05-24,,,,0.4,,,,,,
1961,2020-05-25,,,,2.9,,,,,,
1962,2020-05-26,,,,0.0,,,,,,
1963,2020-05-27,,,,0.0,,,,,,
1964,2020-05-28,,,,0.9,,,,,,
1965,2020-05-29,,,,0.0,,,,,,
1966,2020-05-30,,,,0.0,,,,,,
1967,2020-05-31,,,,0.0,,,,,,
1968,2020-06-01,,,,0.0,,,,,,
1969,2020-06-02,,,,0.0,,,,,,
1970,2020-06-03,,,,1.7,,,,,,
1971,2020-06-04,,,,20.1,,,,,,
1972,2020-06-05,,,,7.2,,,,,,
1973,2020-06-06,,,,2.3,,,,,,
1974,2020-06-07,,,,13.1,,,,,,
1975,2020-06-08,,,,0.1,,,,,,
1976,2020-06-09,,,,6.7,,,,,,
1977,2020-06-10,,,,16.3,,,,,,
1978,2020-06-11,,,,21.6,,,,,,
1979,2020-06-12,,,,0.1,,,,,,
1980,2020-06-13,,,,0.0,,,,,,
1981,2020-06-14,,,,3.3,,,,,,
1982,2020-06-15,,,,17.5,,,,,,
1983,2020-06-16,,,,0.0,,,,,,
1984,2020-06-17,,,,0.0,,,,,,
1985,2020-06-18,,,,10.5,,,,,,
1986,2020-06-19,,,,4.1,,,,,,
1987,2020-06-20,,,,1.8,,,,,,
1988,2020-06-21,,,,0.0,,,,,,
1989,2020-06-22,,,,0.0,,,,,,
1990,2020-06-23,,,,0.0,,,,,,
1991,2020-06-24,,,,0.0,,,,,,
1992,2020-06-25,,,,0.8,,,,,,
1993,2020-06-26,,,,0.0,,,,,,
1994,2020-06-27,,,,5.8,,,,,,
1995,2020-06-28,,,,0.9,,,,,,
1996,2020-06-29,,,,1.3,,,,,,
1997,2020-06-30,,,,0.0,,,,,,
1998,2020-07-01,,,,0.0,,,,,,
1999,2020-07-02,,,,2.1,,,,,,
2000,2020-07-03,,,,0.0,,,,,,
2001,2020-07-04,,,,0.0,,,,,,
2002,2020-07-05,,,,0.0,,,,,,
2003,2020-07-06,,,,2.0,,,,,,
2004,2020-07-07,,,,0.0,,,,,,
2005,2020-07-08,,,,3.0,,,,,,
2006,2020-07-09,,,,0.0,,,,,,
2007,2020-07-10,,,,0.0,,,,,,
2008,2020-07-11,,,,0.0,,,,,,
2009,2020-07-12,,,,0.0,,,,,,
2010,2020-07-13,,,,0.0,,,,,,
2011,2020-07-14,,,,0.0,,,,,,
2012,2020-07-15,,,,4.3,,,,,,
2013,2020-07-16,,,,0.2,,,,,,
2014,2020-07-17,,,,1.4,,,,,,
2015,2020-07-18,,,,0.0,,,,,,
2016,2020-07-19,,,,0.2,,,,,,
2017,2020-07-20,,,,0.0,,,,,,
2018,2020-07-21,,,,0.0,,,,,,
2019,2020-07-22,,,,0.0,,,,,,
2020,2020-07-23,,,,0.0,,,,,,
2021,2020-07-24,,,,0.0,,,,,,
2022,2020-07-25,,,,0.0,,,,,,
2023,2020-07-26,,,,6.8,,,,,,
2024,2020-07-27,,,,0.0,,,,,,
2025,2020-07-28,,,,0.0,,,,,,
2026,2020-07-29,,,,0.0,,,,,,
2027,2020-07-30,,,,0.0,,,,,,
2028,2020-07-31,,,,0.0,,,,,,
2029,2020-08-01,,,,0.0,,,,,,
2030,2020-08-02,,,,13.8,,,,,,
2031,2020-08-03,,,,0.0,,,,,,
2032,2020-08-04,,,,3.9,,,,,,
2033,2020-08-05,,,,0.0,,,,,,
2034,2020-08-06,,,,0.0,,,,,,
2035,2020-08-07,,,,0.0,,,,,,
2036,2020-08-08,,,,0.0,,,,,,
2037,2020-08-09,,,,0.0,,,,,,
2038,2020-08-10,,,,0.0,,,,,,
2039,2020-08-11,,,,0.0,,,,,,
2040,2020-08-12,,,,0.0,,,,,,
2041,2020-08-13,,,,0.0,,,,,,
2042,2020-08-14,,,,28.5,,,,,,
2043,2020-08-15,,,,7.1,,,,,,
2044,2020-08-16,,,,0.0,,,,,,
2045,2020-08-17,,,,2.9,,,,,,
2046,2020-08-18,,,,0.2,,,,,,
2047,2020-08-19,,,,0.0,,,,,,
2048,2020-08-20,,,,0.0,,,,,,
2049,2020-08-21,,,,0.0,,,,,,
2050,2020-08-22,,,,5.5,,,,,,
2051,2020-08-23,,,,0.9,,,,,,
2052,2020-08-24,,,,0.0,,,,,,
2053,2020-08-25,,,,0.0,,,,,,
2054,2020-08-26,,,,0.0,,,,,,
2055,2020-08-27,,,,0.0,,,,,,
2056,2020-08-29,,,,0.2,,,,,,
2057,2020-08-30,,,,36.6,,,,,,
2058,2020-08-31,,,,24.2,,,,,,
2059,2020-09-01,,,,0.5,,,,,,
2060,2020-09-02,,,,0.0,,,,,,
2061,2020-09-03,,,,0.1,,,,,,
2062,2020-09-04,,,,0.1,,,,,,
2063,2020-09-05,,,,0.0,,,,,,
2064,2020-09-06,,,,0.1,,,,,,
2065,2020-09-07,,,,0.0,,,,,,
2066,2020-09-08,,,,0.0,,,,,,
2067,2020-09-09,,,,0.0,,,,,,
2068,2020-09-10,,,,0.1,,,,,,
2069,2020-09-11,,,,0.0,,,,,,
2070,2020-09-12,,,,0.0,,,,,,
2071,2020-09-13,,,,0.0,,,,,,
2072,2020-09-14,,,,0.0,,,,,,
2073,2020-09-15,,,,0.0,,,,,,
2074,2020-09-16,,,,0.0,,,,,,
2075,2020-09-17,,,,0.0,,,,,,
2076,2020-09-18,,,,0.0,,,,,,
2077,2020-09-19,,,,0.0,,,,,,
2078,2020-09-20,,,,0.0,,,,,,
2079,2020-09-21,,,,0.0,,,,,,
2080,2020-09-22,,,,0.0,,,,,,
2081,2020-09-23,,,,0.0,,,,,,
2082,2020-09-24,,,,0.4,,,,,,
2083,2020-09-25,,,,11.4,,,,,,
2084,2020-09-26,,,,23.2,,,,,,
2085,2020-09-27,,,,0.7,,,,,,
2086,2020-09-28,,,,0.1,,,,,,
2087,2020-09-29,,,,0.2,,,,,,
2088,2020-09-30,,,,0.0,,,,,,
2089,2020-10-01,,,,0.0,,,,,,
2090,2020-10-02,,,,0.0,,,,,,
